Entry	Entry name	Status	Protein names	Gene names	Organism	Length
Q9I4V0	NQRED_PSEAE	reviewed	NADH:quinone reductase (EC 1.6.5.9)	PA1024	Pseudomonas aeruginosa (strain ATCC 15692 / DSM 22644 / CIP 104116 / JCM 14847 / LMG 12228 / 1C / PRS 101 / PAO1)	328
Q9HWH9	NMO_PSEAE	reviewed	Nitronate monooxygenase (NMO) (EC 1.13.12.-) (Propionate 3-nitronate monooxygenase) (P3N monooxygenase)	nmoA PA4202	Pseudomonas aeruginosa (strain ATCC 15692 / DSM 22644 / CIP 104116 / JCM 14847 / LMG 12228 / 1C / PRS 101 / PAO1)	351
Q01284	2NPD_NEUCR	reviewed	Nitronate monooxygenase (EC 1.13.12.16) (2-nitropropane dioxygenase) (2-NPD) (Nitroalkane oxidase)	ncd-2 G17A4.200 NCU03949	Neurospora crassa (strain ATCC 24698 / 74-OR23-1A / CBS 708.71 / DSM 1257 / FGSC 987)	378
P71847	IPDC_MYCTU	reviewed	(3aS,4S,5R,7aS)-5-hydroxy-7a-methyl-1-oxo-octahydro-1H-indene-4-carboxyl-CoA dehydrogenase (5OH-HIC-CoA dehydrogenase) (EC 1.3.1.-)	ipdC Rv3553	Mycobacterium tuberculosis (strain ATCC 25618 / H37Rv)	355
Q0S7Q1	IPDC_RHOJR	reviewed	(3aS,4S,5R,7aS)-5-hydroxy-7a-methyl-1-oxo-octahydro-1H-indene-4-carboxyl-CoA dehydrogenase (5OH-HIC-CoA dehydrogenase) (EC 1.3.1.-)	ipdC RHA1_ro04649	Rhodococcus jostii (strain RHA1)	353
D0V3Y4	NMO_PSESP	reviewed	Nitronate monooxygenase (NMO) (EC 1.13.12.-) (Propionate 3-nitronate monooxygenase) (P3N monooxygenase)	pnoA	Pseudomonas sp.	349
P47177	2NDP_YEAST	reviewed	Putative nitronate monooxygenase (EC 1.13.12.16) (Nitroalkane oxidase)	YJR149W J2213	Saccharomyces cerevisiae (strain ATCC 204508 / S288c) (Baker's yeast)	404
B2TEK6	NMO_PARPJ	reviewed	Nitronate monooxygenase (NMO) (EC 1.13.12.-) (Propionate 3-nitronate monooxygenase) (P3N monooxygenase)	Bphyt_4144	Paraburkholderia phytofirmans (strain DSM 17436 / LMG 22146 / PsJN) (Burkholderia phytofirmans)	366
O05413	NMO_BACSU	reviewed	Probable nitronate monooxygenase (NMO) (EC 1.13.12.-) (Propionate 3-nitronate monooxygenase) (P3N monooxygenase)	yrpB BSU26800	Bacillus subtilis (strain 168)	347
Q12723	2NPD_CYBMR	reviewed	Nitronate monooxygenase (EC 1.13.12.16) (2-nitropropane dioxygenase) (2-NPD) (Nitroalkane oxidase)		Cyberlindnera mrakii (Yeast) (Williopsis mrakii)	374
Q2FZX9	NMO_STAA8	reviewed	Probable nitronate monooxygenase (NMO) (EC 1.13.12.-) (Propionate 3-nitronate monooxygenase) (P3N monooxygenase)	SAOUHSC_00855	Staphylococcus aureus (strain NCTC 8325 / PS 47)	355
Q49W60	NMO_STAS1	reviewed	Probable nitronate monooxygenase (NMO) (EC 1.13.12.-) (Propionate 3-nitronate monooxygenase) (P3N monooxygenase)	SSP1854	Staphylococcus saprophyticus subsp. saprophyticus (strain ATCC 15305 / DSM 20229 / NCIMB 8711 / NCTC 7292 / S-41)	355
Q4L4T4	NMO_STAHJ	reviewed	Probable nitronate monooxygenase (NMO) (EC 1.13.12.-) (Propionate 3-nitronate monooxygenase) (P3N monooxygenase)	SH2032	Staphylococcus haemolyticus (strain JCSC1435)	357
Q99VF6	NMO_STAAN	reviewed	Probable nitronate monooxygenase (NMO) (EC 1.13.12.-) (Propionate 3-nitronate monooxygenase) (P3N monooxygenase)	SA0781	Staphylococcus aureus (strain N315)	355
Q5HHG4	NMO_STAAC	reviewed	Probable nitronate monooxygenase (NMO) (EC 1.13.12.-) (Propionate 3-nitronate monooxygenase) (P3N monooxygenase)	SACOL0922	Staphylococcus aureus (strain COL)	355
Q6GIG7	NMO_STAAR	reviewed	Probable nitronate monooxygenase (NMO) (EC 1.13.12.-) (Propionate 3-nitronate monooxygenase) (P3N monooxygenase)	SAR0883	Staphylococcus aureus (strain MRSA252)	355
Q8NXG7	NMO_STAAW	reviewed	Probable nitronate monooxygenase (NMO) (EC 1.13.12.-) (Propionate 3-nitronate monooxygenase) (P3N monooxygenase)	MW0803	Staphylococcus aureus (strain MW2)	355
Q2FIF3	NMO_STAA3	reviewed	Probable nitronate monooxygenase (NMO) (EC 1.13.12.-) (Propionate 3-nitronate monooxygenase) (P3N monooxygenase)	SAUSA300_0825	Staphylococcus aureus (strain USA300)	355
A6QFD2	NMO_STAAE	reviewed	Probable nitronate monooxygenase (NMO) (EC 1.13.12.-) (Propionate 3-nitronate monooxygenase) (P3N monooxygenase)	NWMN_0792	Staphylococcus aureus (strain Newman)	355
Q6GB05	NMO_STAAS	reviewed	Probable nitronate monooxygenase (NMO) (EC 1.13.12.-) (Propionate 3-nitronate monooxygenase) (P3N monooxygenase)	SAS0791	Staphylococcus aureus (strain MSSA476)	355
A8Z1H7	NMO_STAAT	reviewed	Probable nitronate monooxygenase (NMO) (EC 1.13.12.-) (Propionate 3-nitronate monooxygenase) (P3N monooxygenase)	USA300HOU_0879	Staphylococcus aureus (strain USA300 / TCH1516)	355
A6U025	NMO_STAA2	reviewed	Probable nitronate monooxygenase (NMO) (EC 1.13.12.-) (Propionate 3-nitronate monooxygenase) (P3N monooxygenase)	SaurJH1_0937	Staphylococcus aureus (strain JH1)	355
A5IR97	NMO_STAA9	reviewed	Probable nitronate monooxygenase (NMO) (EC 1.13.12.-) (Propionate 3-nitronate monooxygenase) (P3N monooxygenase)	SaurJH9_0919	Staphylococcus aureus (strain JH9)	355
O06179	Y1533_MYCTU	reviewed	Putative monooxygenase Rv1533 (EC 1.13.12.-)	Rv1533	Mycobacterium tuberculosis (strain ATCC 25618 / H37Rv)	375
