#ELM_Classes_Download_Version: 1.4
#ELM_Classes_Download_Date: 2022-02-06 17:58:31.349378
#Origin: asimov
#Type: tsv
#Num_Classes: 317
"Accession"	"ELMIdentifier"	"FunctionalSiteName"	"Description"	"Regex"	"Probability"	"#Instances"	"#Instances_in_PDB"
"ELME000321"	"CLV_C14_Caspase3-7"	"Caspase cleavage motif"	"Caspase-3 and Caspase-7 cleavage site."	"[DSTE][^P][^DEWHFYC]D[GSAN]"	"0.00309374033071"	"41"	"0"
"ELME000172"	"CLV_MEL_PAP_1"	"Melanisation activation site"	"Prophenoloxidase-activating proteinase (PAP) cleavage site ([ILV]-X-X-R-|-[FV]-[GS]-X)."	"[ILV]..R[VF][GS]."	"0.000105375572148"	"12"	"0"
"ELME000102"	"CLV_NRD_NRD_1"	"NRD cleavage site"	"N-Arg dibasic convertase (NRD/Nardilysin) cleavage site (X-|-R-K or R-|-R-X)."	"(.RK)|(RR[^KR])"	"0.00746473248158"	"2"	"0"
"ELME000101"	"CLV_PCSK_FUR_1"	"PCSK cleavage site"	"Furin (PACE) cleavage site (R-X-[RK]-R-|-X)."	"R.[RK]R."	"0.000508722921034"	"13"	"0"
"ELME000108"	"CLV_PCSK_KEX2_1"	"PCSK cleavage site"	"Yeast kexin 2 cleavage site (K-R-|-X or R-R-|-X)."	"[KR]R."	"0.007973463544"	"1"	"0"
"ELME000100"	"CLV_PCSK_PC1ET2_1"	"PCSK cleavage site"	"NEC1/NEC2 cleavage site (K-R-|-X)."	"KR."	"0.00390276834"	"6"	"0"
"ELME000103"	"CLV_PCSK_PC7_1"	"PCSK cleavage site"	"Proprotein convertase 7 (PC7, PCSK7) cleavage site (R-X-X-X-[RK]-R-|-X)."	"R...[KR]R."	"0.000508722921034"	"1"	"0"
"ELME000146"	"CLV_PCSK_SKI1_1"	"PCSK cleavage site"	"Subtilisin/kexin isozyme-1 (SKI1) cleavage site ([RK]-X-[hydrophobic]-[LTKF]-|-X)."	"[RK].[AILMFV][LTKF]."	"0.00682052736444"	"2"	"0"
"ELME000330"	"CLV_Separin_Fungi"	"Separase cleavage motif"	"Separase cleavage site, best known in sister chromatid separation. Also involved in stabilizing the anaphase spindle and centriole disengagement."	"S[IVLMH]E[IVPFMLYAQR]GR."	"4.04544864497e-06"	"4"	"0"
"ELME000331"	"CLV_Separin_Metazoa"	"Separase cleavage motif"	"Separase cleavage site, best known in sister chromatid separation."	"E[IMPVL][MLVP]R."	"0.000341044179754"	"5"	"0"
"ELME000192"	"CLV_TASPASE1"	"Taspase1 cleavage site"	"Taspase1 is a threonine aspartase which was first identified as the protease responsible for processing the trithorax (MLL) type of histone methyltransferases."	"Q[MLVI]DG..[DE]"	"4.79125116289e-06"	"2"	"0"
"ELME000231"	"DEG_APCC_DBOX_1"	"APCC-binding Destruction motifs"	"An RxxL-based motif that binds to the Cdh1 and Cdc20 components of APC/C thereby targeting the protein for destruction in a cell cycle dependent manner"	".R..L..[LIVM]."	"0.000767697345968"	"11"	"0"
"ELME000232"	"DEG_APCC_KENBOX_2"	"APCC-binding Destruction motifs"	"Motif conserving the exact sequence KEN that binds to the APC/C subunit Cdh1 causing the protein to be targeted for  26S proteasome mediated degradation."	".KEN."	"0.000184312021952"	"16"	"1"
"ELME000342"	"DEG_APCC_TPR_1"	"APCC_TPR-docking motifs"	"This short C-terminal motif is present in co-activators, the Doc1/APC10 subunit and some substrates of the APC/C and mediates direct binding to TPR-containing APC/C core subunits."	".[ILM]R$"	"1.36072888014e-05"	"22"	"0"
"ELME000426"	"DEG_COP1_1"	"COP1 E3 ligase binding degron motif"	"A destruction motif interacts with the COP1 WD 40 domain for target ubiquitination and degradation."	"[STDE]{1,3}.{0,2}[TSDE].{2,3}VP[STDE]G{0,1}[FLIMVYPA]"	"0.000390631489431"	"12"	"1"
"ELME000323"	"DEG_CRL4_CDT2_1"	"CRL4-Cdt2 binding PIP degron"	"This degron overlaps a PCNA interaction protein (PIP) box and is recognised by the CRL4<sup>Cdt2</sup> ubiquitin ligase in a PCNA- and chromatin-dependent manner."	"[NQ]{0,1}..[ILMV][ST][DEN][FY][FY].{2,3}[KR]{2,3}[^DE]"	"1.6237468954e-07"	"6"	"0"
"ELME000324"	"DEG_CRL4_CDT2_2"	"CRL4-Cdt2 binding PIP degron"	"This degron, occurring in non-Vertebrates, overlaps a PCNA interaction protein (PIP) box and is recognised by the CRL4<sup>Cdt2</sup> ubiquitin ligase in a PCNA- and chromatin-dependent manner."	"[NQ]{0,1}..[ILMV]T[DEN][HMFY][FMY].{2,3}[KR]{2,3}[^DE]"	"2.23694367959e-07"	"1"	"0"
"ELME000389"	"DEG_Kelch_actinfilin_1"	"Actinfilin-binding degron"	"A hydrophobic degron motif present in some kainate receptors necessary to interact with kelch domain of actinfilin protein for efficient ubiquitination and degradation."	"[AP]P[MV][IM]V"	"2.14841238984e-06"	"1"	"0"
"ELME000390"	"DEG_Kelch_Keap1_1"	"KEAP1 binding degron"	"Motif that binds to the Kelch domain of KEAP1 with high affinity. This high affinity motif is required for the efficient recruitment of target proteins to the Cul3-based E3 ligase."	"[DNS].[DES][TNS]GE"	"5.95038132581e-05"	"13"	"4"
"ELME000391"	"DEG_Kelch_Keap1_2"	"KEAP1 binding degron"	"Motif that binds to the Kelch domain of KEAP1 with low affinity. This low affinity motif is important for ubiquitination and degradation of target proteins. "	"QD.DLGV"	"3.48038934981e-08"	"1"	"1"
"ELME000392"	"DEG_Kelch_KLHL3_1"	"KLHL2 and KLHL3 binding degron"	"An Acidic degron motif present in wnk kinases necessary to interact with kelch domain of KLHL2 and KLHL3 proteins for efficient ubiquitination degradation."	"E.EE.E[AV]DQH"	"5.476943165e-10"	"4"	"0"
"ELME000184"	"DEG_MDM2_SWIB_1"	"MDM2 binding motif"	"An amphipatic &alpha;-helix found in p53 family members that binds in the hydrophobic cleft of MDM2's SWIB domain."	"F[^P]{3}W[^P]{2,3}[VIL]"	"2.12465805842e-05"	"5"	"2"
"ELME000355"	"DEG_Nend_Nbox_1"	"N-degron"	"N-terminal motif that initiates protein degradation by binding to the N-box of N-recognins. This N-degron variant comprises N-terminal a bulky hydrophobic residue as destabilizing residue."	"^M{0,1}[FYLIW][^P]"	"0.000230216383148"	"0"	"0"
"ELME000351"	"DEG_Nend_UBRbox_1"	"N-degron"	"N-terminal motif that initiates protein degradation by binding to the UBR-box of N-recognins. This N-degron variant comprises N-terminal Arg or Lys as destabilizing residue."	"^M{0,1}[RK][^P]."	"0.00020635921557"	"0"	"0"
"ELME000352"	"DEG_Nend_UBRbox_2"	"N-degron"	"N-terminal motif that initiates protein degradation by binding to the UBR-box of N-recognins. This N-degron variant comprises N-terminal Asp or Glu as destabilizing residue."	"^M{0,1}([ED])."	"0.00025370818551"	"0"	"0"
"ELME000353"	"DEG_Nend_UBRbox_3"	"N-degron"	"N-terminal motif that initiates protein degradation by binding to the UBR-box of N-recognins. This N-degron variant comprises N-terminal Asn or Gln as destabilizing residue."	"^M{0,1}([NQ])."	"0.000164535295259"	"0"	"0"
"ELME000354"	"DEG_Nend_UBRbox_4"	"N-degron"	"N-terminal motif that initiates protein degradation by binding to the UBR-box of N-recognins. This N-degron variant comprises N-terminal Cys as destabilizing residue."	"^M{0,1}(C)."	"1.76792442755e-05"	"8"	"0"
"ELME000248"	"DEG_ODPH_VHL_1"	"Hydroxyproline modification in hypoxia signaling"	"Oxygen dependent prolyl hydroxylation motif in the unstructured region of hypoxia-inducible factor protein and bound by the VHL ligand."	"[IL]A(P).{6,8}[FLIVM].[FLIVM]"	"7.03776543919e-05"	"8"	"1"
"ELME000350"	"DEG_SCF_COI1_1"	"Phytohormone-dependent SCF-LRR-binding degrons"	"This degron motif is present in JAZ transcriptional repressor proteins and binds to the COI1 F-box protein of the SCF E3 ubiquitin ligase in a jasmonate-dependent manner."	"..[RK][RK].SL..F[FLM].[RK]R[HRK].[RK]."	"3.62558053796e-11"	"9"	"1"
"ELME000289"	"DEG_SCF_FBW7_1"	"SCF ubiquitin ligase binding Phosphodegrons"	"The TPxxS phospho-dependent degron binds the FBW7 F box proteins of the SCF (Skp1_Cullin-Fbox) complex."	"[LIVMP].{0,2}(T)P..([ST])"	"0.00071383259477"	"6"	"2"
"ELME000292"	"DEG_SCF_FBW7_2"	"SCF ubiquitin ligase binding Phosphodegrons"	"The TPxxE phospho-dependent degron binds the FBW7 F box proteins of the SCF (Skp1_Cullin-Fbox) complex."	"[LIVMP].{0,2}(T)P..E"	"0.000388223290684"	"2"	"0"
"ELME000512"	"DEG_SCF_FBXO31_1"	"SCF ubiquitin E3 ligase FBXO31 degron"	"The C-terminal degron of cyclin D proteins is bound by the FBXO31 F-box E3 ligase of the SCF (Skp1-Cullin-Fbox) complex."	"D[LVIM].[DAEN][VILM][^P][ILF]$"	"6.44752974663e-08"	"3"	"1"
"ELME000322"	"DEG_SCF_SKP2-CKS1_1"	"SCF ubiquitin ligase binding Phosphodegrons"	"Degradation motif recognised by a pre-assembled complex consisting of Skp2 (an F box protein of the SCF E3 ubiquitin ligase) and Cks1, which leads to ubiquitylation and subsequent proteosomal degradation."	"..[DE].(T)P.K"	"4.77974163124e-05"	"3"	"1"
"ELME000347"	"DEG_SCF_TIR1_1"	"Phytohormone-dependent SCF-LRR-binding degrons"	"This degron motif is present in Aux/IAA transcriptional repressor proteins and binds to TIR1/AFB F-box proteins of the SCF E3 ubiquitin ligase in an auxin-dependent manner."	".[VLIA][VLI]GWPP[VLI]...R."	"1.33629581466e-09"	"24"	"1"
"ELME000269"	"DEG_SCF_TRCP1_1"	"SCF ubiquitin ligase binding Phosphodegrons"	"The DSGxxS phospho-dependent degron binds the F box protein of the SCF-betaTrCP1 complex. The degron is found in various proteins that function in regulation of cell state."	"D(S)G.{2,3}([ST])"	"0.000126395307444"	"19"	"1"
"ELME000241"	"DEG_SIAH_1"	"Siah binding Motif"	"The PxAxVxP peptide binds to the substrate-binding domain (SBD) of the Siah family members"	".P.A.V.P[^P]"	"2.71481907027e-05"	"9"	"2"
"ELME000388"	"DEG_SPOP_SBC_1"	"SPOP SBC docking motif"	"The S/T rich motif known as the SPOP-binding consensus (SBC) of the MATH-BTB protein, SPOP, is present in substrates that undergo SPOP/Cul3-dependant ubiquitination."	"[AVP].[ST][ST][ST]"	"0.000937962911545"	"8"	"6"
"ELME000304"	"DOC_AGCK_PIF_1"	"AGC Kinase docking motif"	"The DOC_AGCK_PIF_1 motif contains a phosphorylatable serine/threonine residue that allows fine-tuning of the affinity of the motif for the PIF pocket, with the phosphorylated motif showing a higher affinity."	"F..[FWY][ST][FY]"	"3.84269210321e-06"	"10"	"1"
"ELME000308"	"DOC_AGCK_PIF_2"	"AGC Kinase docking motif"	"In the DOC_AGCK_PIF_2 motif the phosphorylatable serine/threonine residue is replaced by an acidic aspartate or glutamate residue."	"F..[FWY][DE][FY]"	"3.26727205222e-06"	"5"	"0"
"ELME000310"	"DOC_AGCK_PIF_3"	"AGC Kinase docking motif"	"The DOC_AGCK_PIF_3 variant consists only of the first two core aromatic residues preceding the phosphorylatable or acidic site in the other variants, and the latter of these two aromatic residues is the C-terminal residue of the kinase sequence."	"F..F$"	"6.02956853309e-07"	"5"	"1"
"ELME000097"	"DOC_ANK_TNKS_1"	"Tankyrase-binding motif"	"The Tankyrase binding motif interacts with the ankyrin repeat domain region in Tankyrase-1 and Tankyrase-2 to facilitate the PARsylation of the target proteins."	".R..[PGAV][DEIP]G."	"0.000353788636176"	"17"	"5"
"ELME000485"	"DOC_CDC14_PxL_1"	"Yeast Cdc14 phosphatase docking site"	"The PxL substrate docking motif enhances the Cdc14 phosphatase–substrate interaction and promotes subsequent dephosphorylation."	"[FYLIM]..[YVILA]P.L.."	"0.000244555826326"	"10"	"2"
"ELME000358"	"DOC_CKS1_1"	"Cks1 ligand"	"Phospho-dependent motif that mediates docking of CDK substrates and regulators to cyclin-CDK-bound Cks1."	"[MPVLIFWYQ].(T)P.."	"0.00199146382298"	"8"	"1"
"ELME000486"	"DOC_CYCLIN_D_Helix_1"	"Cyclin D-specific Helical docking motif"	"The Cyclin D Helical docking motif mediates binding of substrates to a site on Cyclin D different from the hydrophobic pocket and enhances substrate phosphorylation by CyclinD/Cdk4-6 complexes."	"[FLV][^P][^P][KR]L[^P][^P][LMIV][^P][^P][^P]R"	"6.56363867534e-06"	"3"	"0"
"ELME000106"	"DOC_CYCLIN_RxL_1"	"Cyclin N-terminal Domain Docking Motifs"	"Both fungal and mammalian S-phase Cyclin/CDK complexes recognize specific RxL docking motifs in their target proteins."	"(.|([KRH].{0,3}))[^EDWNSG][^D][RK][^D]L.{0,1}[FL].{0,3}[EDST]"	"0.00187928212696"	"31"	"7"
"ELME000490"	"DOC_CYCLIN_yClb1_LxF_4"	"Cyclin N-terminal Domain Docking Motifs"	"The LxF motif found in budding yeasts serves as a docking site for mitotic cyclin-CDK complexes (M-CDK). It is found in both regulators and mitotic phosphorylation target proteins."	"(P.[KR]L.F)|(.N[KR]L.F)|(.N.L.F[LMIVFY])"	"2.14906406261e-05"	"13"	"0"
"ELME000498"	"DOC_CYCLIN_yClb3_PxF_3"	"Cyclin N-terminal Domain Docking Motifs"	"The hydrophobic patch (hp) of the G2 phase cyclin from budding yeast, Clb3, binds a specific PxF docking motif on regulators and target proteins."	"(PP..P.F)|(P..P.F..[KR])"	"3.57949706041e-05"	"4"	"0"
"ELME000506"	"DOC_CYCLIN_yClb5_NLxxxL_5"	"Cyclin N-terminal Domain Docking Motifs"	"Cyclin hydrophobic patch docking motif NLxxxL specific for S-phase cyclins Clb5 and Clb6 in budding yeasts."	"([ILVMF]...NL...L)|([KR].{0,2}NL...L)"	"0.000100896190264"	"5"	"0"
"ELME000491"	"DOC_CYCLIN_yCln2_LP_2"	"Cyclin N-terminal Domain Docking Motifs"	"The budding yeast G1/S cyclins Cln1 and 2 bind a specific leucine- and proline-rich (LP) docking motif on G1-specific target proteins."	"(L[MLIV]PP)|(((L[LMIV]PA)|(L..P))[ILMVAFYW].[MLIVFHPAY])"	"0.000106992047519"	"18"	"0"
"ELME000386"	"DOC_GSK3_Axin_1"	"The GSK-3beta docking motif in Axin"	"Docking motif present in Axin protein binds the GSK-3&beta; kinase and aids the phosphorylation of components in the APC destruction complex."	"V[ED]P[^P][RK]FA[^P]ELI[^P]RLE[^P][VIL]"	"7.23777053403e-16"	"6"	"1"
"ELME000433"	"DOC_MAPK_DCC_7"	"MAPK docking motifs"	"A kinase docking motif mediating interaction towards the ERK1/2 and p38 subfamilies of MAP kinases"	"[RK].{2,4}[LIVP]P.[LIV].[LIVMF]|[RK].{2,4}[LIVP].P[LIV].[LIVMF]"	"0.000451251620381"	"11"	"2"
"ELME000234"	"DOC_MAPK_FxFP_2"	"MAPK docking motifs"	"MAPK interacting molecules (e.g. MAPKKs, substrates, phosphatases) carry docking motif that help to regulate specific interaction in the MAPK cascade."	"F.[FY]P"	"5.62639552475e-05"	"15"	"1"
"ELME000233"	"DOC_MAPK_gen_1"	"MAPK docking motifs"	"MAPK interacting molecules (e.g. MAPKKs, substrates, phosphatases) carry docking motif that help to regulate specific interaction in the MAPK cascade. The classic motif approximates (R/K)xxxx#x# where # is a hydrophobic residue."	"[KR]{0,2}[KR].{0,2}[KR].{2,4}[ILVM].[ILVF]"	"0.00432380001106"	"15"	"0"
"ELME000437"	"DOC_MAPK_GRA24_9"	"MAPK docking motifs"	"A kinase docking motif that mediates interaction towards the ERK1/2 and p38 subfamilies of MAP kinases"	"[LIV][^P][^P][RK][RK]G.{3,6}[LIVP]P.[LIV].[LIVMF]|[LIV][^P][^P][RK][RK]G.{3,6}[LIVP].P[LIV].[LIVMF]"	"6.63556519394e-07"	"2"	"1"
"ELME000434"	"DOC_MAPK_HePTP_8"	"MAPK docking motifs"	"A kinase docking motif that interacts with the ERK1/2 and p38 subfamilies of MAP kinases."	"([LIV][^P][^P][RK]....[LIVMP].[LIV].[LIVMF])|([LIV][^P][^P][RK][RK]G.{4,7}[LIVMP].[LIV].[LIVMF])"	"0.000106572941056"	"10"	"3"
"ELME000422"	"DOC_MAPK_JIP1_4"	"MAPK docking motifs"	"A shorter D site specifically recognized by the JNK kinases"	"[RK]P[^P][^P]L.[LIVMF]"	"0.00012928702866"	"29"	"2"
"ELME000432"	"DOC_MAPK_MEF2A_6"	"MAPK docking motifs"	"A kinase docking motif that mediates interaction towards the ERK1/2 and p38 subfamilies of MAP kinases."	"[RK].{2,4}[LIVMP].[LIV].[LIVMF]"	"0.00258381963098"	"27"	"2"
"ELME000423"	"DOC_MAPK_NFAT4_5"	"MAPK docking motifs"	"An extended D site specifically recognized by the JNK kinases "	"[RK][^P][^P][LIM].L.[LIVMF]."	"0.000163458005629"	"17"	"1"
"ELME000411"	"DOC_MAPK_RevD_3"	"MAPK docking motifs"	"Reverse (C to N direction) of the classical MAPK docking motif ELM:DOC_MAPK_gen_1 with an often extended linker region of the bipartite motif."	"[LIVMPFA].[LIV].{1,2}[LIVMP].{4,6}[LIV]..[RK][RK]"	"0.000180483045057"	"6"	"3"
"ELME000530"	"DOC_MIT_MIM_1"	"MIT domain binding motif "	"C-terminal LxxR[FL]xxL based type 1 MIT interacting motif (MIM1) that docks at the MIT domain present in some ESCRT-III proteins. "	"((F[^P][^P])|([DE].{0,2}))L[^P][^P]R[FL][^P][^P]L[KR]{0,2}"	"1.03482772941e-05"	"5"	"5"
"ELME000320"	"DOC_PIKK_1"	"HEAT Domain Ligand"	"DOC_PIKK_1 motif is located  in the C terminus of Nbs1 and its homologues and interacts with PIKK family members."	"[DEN][DEN].{2,3}[ILMVA][DEN][DEN]L"	"3.1285695373e-05"	"4"	"0"
"ELME000374"	"DOC_PP1_MyPhoNE_1"	"PP1-docking motif MyPhoNE"	"Docking motif that binds to the catalytic subunit of Protein Phosphatase 1 (PP1c) and is generally located N-terminal to an RVxF motif."	"R[^P][DEQ]Q[VIL]([RK][^P]|[^P][RK])[YW]"	"4.40519655262e-07"	"9"	"1"
"ELME000137"	"DOC_PP1_RVXF_1"	"PP1-docking motif RVXF"	"Protein phosphatase 1 catalytic subunit (PP1c) interacting motif binds targeting proteins that dock to the substrate for dephosphorylation. The motif defined is [RK]{0,1}[VI][^P][FW]."	"..[RK].{0,1}[VIL][^P][FW]."	"0.000830144384932"	"19"	"4"
"ELME000360"	"DOC_PP1_SILK_1"	"PP1-docking motif SILK"	"Protein phosphatase 1 catalytic subunit (PP1c) interacting motif that often cooperates with and is located N-terminal to the RVXF motif to dock proteins to PP1c."	".[GS]IL[KR][^DE]"	"3.77750556097e-05"	"14"	"1"
"ELME000425"	"DOC_PP2A_B56_1"	"PP2A holoenzyme B56-docking site"	"Docking site required for the regulatory subunit B56 of PP2A for protein dephosphorylation."	"([LMFYWIC]..I.E)|(L..[IVLWC].E)."	"0.0014581403142"	"18"	"2"
"ELME000367"	"DOC_PP2B_LxvP_1"	"Calcineurin (PP2B)-docking motif LxvP"	"Docking motif in calcineurin substrates that binds at the interface of the catalytic CNA and regulatory CNB subunits."	"L.[LIVAPM]P"	"0.00229635088095"	"8"	"0"
"ELME000237"	"DOC_PP2B_PxIxI_1"	"Calcineurin (PP2B)-docking motif PxIxI"	"Calcineurin substrate docking site, leads to the effective dephosphorylation of serine/threonine phosphorylation sites."	".P[^P]I[^P][IV][^P]"	"0.000136785684218"	"10"	"2"
"ELME000477"	"DOC_PP4_FxxP_1"	"PP4 EVH1-binding docking motifs"	"The FxxP-like docking motif recognized by the EVH1 domains of the PPP4R3 regulatory subunits of the PP4 holoenzyme"	"F..P"	"0.001731198623"	"15"	"0"
"ELME000476"	"DOC_PP4_MxPP_1"	"PP4 EVH1-binding docking motifs"	"The MxPP-like docking motif recognized by the EVH1 domains of the PPP4R3 regulatory subunits of the PP4 holoenzyme"	"M.PP"	"0.000170280348602"	"2"	"0"
"ELME000300"	"DOC_SPAK_OSR1_1"	"SPAK-OSR1 docking motif"	"SPAK/OSR1 kinase binding motif acts as a docking site which aids the interaction with their binding partners including the upstream activators and the phosphorylated substrates."	"RF[^P][IV]."	"7.67825867606e-05"	"13"	"1"
"ELME000239"	"DOC_USP7_MATH_1"	"USP7 binding motif"	"The USP7 MATH domain binding motif variant based on the MDM2 and p53 interactions."	"[PA][^P][^FYWIL]S[^P]"	"0.0123884986881"	"10"	"6"
"ELME000240"	"DOC_USP7_MATH_2"	"USP7 binding motif"	"The USP7 MATH domain binding motif variant based on the EBV EBNA1 interaction."	"P.E[^P].S[^P]"	"0.000716871375"	"1"	"1"
"ELME000394"	"DOC_USP7_UBL2_3"	"USP7 binding motif"	"The USP7 CTD domain binding motif variant based on the ICP0 and DNMT1 interactions"	"K...K"	"0.0037417689"	"7"	"2"
"ELME000246"	"DOC_WD40_RPTOR_TOS_1"	"Raptor interacting motif"	"The TOR pathway adaptor protein Raptor links the mTOR kinase to the TOS motif containing substrates 4E-BP1 and S6-beta kinases. Proteins with TOR motif (e.g. 4E-BP1, S6KB1) participate in the transcription mechanism. "	"F[EDQS][MILV][ED][MILV]((.{0,1}[ED])|($))"	"2.07474503577e-05"	"5"	"0"
"ELME000136"	"DOC_WW_Pin1_4"	"WW domain ligands"	"The Class IV WW domain interaction motif is recognised primarily by the Pin1 phosphorylation-dependent prolyl isomerase."	"...([ST])P."	"0.015433212802"	"96"	"1"
"ELME000417"	"LIG_14-3-3_CanoR_1"	"14-3-3 binding phosphopeptide motif"	"Canonical Arg-containing phospho-motif mediating a strong interaction with 14-3-3 proteins.  "	"R[^DE]{0,2}[^DEPG]([ST])(([FWYLMV].)|([^PRIKGN]P)|([^PRIKGN].{2,4}[VILMFWYP]))"	"0.0044766733275"	"65"	"16"
"ELME000440"	"LIG_14-3-3_ChREBP_3"	"14-3-3 binding phosphopeptide motif"	"14-3-3 protein binding to a nonphosphorylated helical peptide in ChREBP is promoted by Adenosine monophosphate."	"IR[^P][^P]N[^P][^P]WR[^P]W[YFH][ITML][^P]Y[IVL]"	"2.06353217068e-15"	"1"	"1"
"ELME000418"	"LIG_14-3-3_CterR_2"	"14-3-3 binding phosphopeptide motif"	"C-terminal Arg-containing phospho-motif mediating a strong interaction with 14-3-3 proteins.  "	"R[^DE]{0,2}[^DEPG]([ST])[^P]{0,1}$"	"6.4150324778e-05"	"6"	"1"
"ELME000515"	"LIG_ActinCP_CPI_1"	"Actin capping protein regulatory motif"	"The conserved capping protein interaction (CPI) motif is employed by a diverse set of proteins to allosterically down-regulate actin filament capping by CP and thereby fine-tune actin assembly dynamics."	"L.(([H].[TQVG])|([SC].N)|(D.R))..R[PAVT][KRHM][^DEN].{1,5}((R.)|(.[RK]))..[PAS][^P]"	"0.000725059408816"	"15"	"4"
"ELME000516"	"LIG_ActinCP_TwfCPI_2"	"Actin capping protein regulatory motif"	"The highly conserved twinfilin-type actin capping protein interaction (CPI) motif is employed by twinfilins to maintain the dynamic actin capping/decapping cycles of CP and to counterbalance the effects of negative regulators."	"F.[KR]P..[PAS].{0,3}[RK]"	"2.94895465762e-05"	"4"	"3"
"ELME000314"	"LIG_Actin_RPEL_3"	"Actin-binding motifs"	"RPEL motif, present in proteins in several repeats, mediates binding to the hydrophobic cleft created by subdomains 1 and 3 of G-actin."	"[IL]..[^P][^P][^P][^P]R.....[IL]..[^P][^P][ILV][ILM]"	"6.11604604996e-06"	"13"	"3"
"ELME000311"	"LIG_Actin_WH2_1"	"Actin-binding motifs"	"WH2 is a motif of variable length (16-19 amino acids) binding to the hydrophobic cleft formed by actin's subdomains 1 and 3. At the N-terminus it forms an alpha-helix followed by a flexible loop stabilised upon actin binding."	"R..[ILVMF][ILMVF][^P][^P][ILVM].{4,7}L(([KR].)|(NK))[VATI]"	"2.20904816494e-06"	"9"	"4"
"ELME000313"	"LIG_Actin_WH2_2"	"Actin-binding motifs"	"The WH2 motif is of variable length (16-19 amino acids) binding to the hydrophobic cleft formed by actin's subdomains 1 and 3. At the N-terminus it forms an alpha-helix followed by a flexible loop stabilised upon actin binding."	"[^R]..((.[ILMVF])|([ILMVF].))[^P][^P][ILVM].{4,7}L(([KR].)|(NK))[VATIGS]"	"0.000660304959775"	"17"	"2"
"ELME000412"	"LIG_ANK_PxLPxL_1"	"PxLPxI/L motif binding to some ANK repeat proteins"	"The consensus PxLPxI/L motif, which can be found in diverse proteins, binds to the ankyrin repeat domains of ANKRA2 and its close paralog RFXANK."	"P.LP.[IL].{1,3}[VLF]"	"2.67020539666e-05"	"10"	"5"
"ELME000124"	"LIG_AP2alpha_1"	"AP2 alpha ligands"	"FxDxF motif responsible for the binding of accessory endocytic proteins to the appendage of the alpha-subunit of adaptor protein complex AP-2"	"F.D.F"	"1.69021908235e-05"	"11"	"2"
"ELME000190"	"LIG_AP2alpha_2"	"AP2 alpha ligands"	"DPF/W motif binds alpha and beta subunits of AP2 adaptor complex."	"DP[FW]"	"0.000119206092212"	"54"	"2"
"ELME000435"	"LIG_APCC_ABBA_1"	"APCC activator-binding ABBA motif"	"Amphipathic motif that is involved in APC/C inhibition by binding of CDH1/CDC20. In metazoan cyclin A, the motif also acts as a degron, enabling the cyclin's degradation in prometaphase."	"[ILVMF].[ILMVP][FHY].[DE]"	"0.000384251253736"	"11"	"1"
"ELME000436"	"LIG_APCC_ABBAyCdc20_2"	"APCC activator-binding ABBA motif"	"Amphipathic motif that binds to yeast Cdc20 and acts as an APC/C degron enabling cyclin Clb5 degradation during mitosis."	"[KR]..[ILVM][FHY].[DE]"	"0.000166859219279"	"2"	"0"
"ELME000348"	"LIG_APCC_Cbox_1"	"APC/C_Apc2-docking motif"	"Motif in APC/C co-activators that mediates binding to the APC/C core, possibly the catalytic Apc2 subunit. This first variant defines the motif in APC/C co-activators from TAXON:2759 except TAXON:4751 and TAXON:554915."	"[DE]R[YFH][ILFVM][PAG].R"	"1.46502719708e-06"	"2"	"0"
"ELME000349"	"LIG_APCC_Cbox_2"	"APC/C_Apc2-docking motif"	"Motif in APC/C co-activators that mediates binding to the APC/C core, possibly the catalytic Apc2 subunit. This second variant defines the motif in APC/C co-activators from TAXON:4751 and TAXON:554915."	"DR[YFH][ILFVM][PA].."	"5.75117035917e-06"	"3"	"0"
"ELME000107"	"LIG_AP_GAE_1"	"Gamma-adaptin ear interaction motif"	"The acidic Phe motif mediates the interaction between a set of accessory proteins and the gamma-ear domain (GAE) of GGAs and AP-1. Proposed roles: in clathrin localization and assembly on TGN/endosome membranes and in traffic between the TGN and endosome."	"[DE][DES][DEGAS]F[SGAD][DEAP][LVIMFD]"	"5.27945465976e-06"	"11"	"0"
"ELME000468"	"LIG_ARL_BART_1"	"GTP-dependent BART-binding ligand"	"The ligand motif present at the N-terminus  of ARL2 and ARL3 proteins ensures GTD-dependent binding to BART and BARTL1"	"^..LL[^P]IL[^P][^P][LM]"	"1.291508196e-09"	"2"	"2"
"ELME000427"	"LIG_BH_BH3_1"	"The helical BH3 motif binds BH domains"	"The BH3 motif is found in pro-apoptotic proteins and interacts with BH domains of the anti-apoptotic Bcl-2 family members to regulate apoptosis."	"....[LIFVYMTE][ASGC][^P]{2}L[^P]{2}[IVMTL][GACS][D][^P][FVLMI]."	"2.17453412638e-06"	"19"	"8"
"ELME000285"	"LIG_BIR_II_1"	"IAP-binding motif (IBM)"	"These IBMs are found in pro-apoptotic proteins and function in the abrogation of caspase inhibition by Inhibitor of Apoptosis Proteins (IAPs) in apoptotic cells. The motif binds specifically to type II BIR domains."	"^M{0,1}[AS]..."	"0.000325201831485"	"0"	"0"
"ELME000279"	"LIG_BIR_III_1"	"IAP-binding motif (IBM)"	"These IBMs are found in pro-apoptotic proteins and function in the abrogation of caspase inhibition by Inhibitor of Apoptosis Proteins (IAPs) in apoptotic cells. The motif binds specifically to type III BIR domains."	"^M{0,1}A.P."	"1.2765510347e-05"	"1"	"0"
"ELME000287"	"LIG_BIR_III_2"	"IAP-binding motif (IBM)"	"These IBMs are found at the N-terminal regions of caspase subunits where they mediate the inhibition of activated caspases by binding to conserved surface grooves on type III BIR domains of Inhibitor of Apoptosis Proteins (IAPs)."	"DA.P."	"0.000351121026816"	"3"	"1"
"ELME000288"	"LIG_BIR_III_3"	"IAP-binding motif (IBM)"	"These IBMs are found in arthropodal pro-apoptotic proteins and function in the abrogation of caspase inhibition by Inhibitor of Apoptosis Proteins (IAPs) in apoptotic cells. The motif binds specifically to type III BIR domains of arthropodal IAPs."	"^M{0,1}A.[AP]."	"2.28175527215e-05"	"4"	"3"
"ELME000293"	"LIG_BIR_III_4"	"IAP-binding motif (IBM)"	"These IBMs are found in the N-terminal regions of arthropodal caspase subunits where they mediate the inhibition of activated caspases by binding to conserved surface grooves on type III BIR domains of Inhibitor of Apoptosis Proteins (IAPs)."	"DA.G."	"0.0002753762637"	"2"	"0"
"ELME000197"	"LIG_BRCT_BRCA1_1"	"BRCT phosphopeptide ligands"	"Phosphopeptide motif which directly interacts with the BRCT (carboxy-terminal) domain  of the Breast Cancer Gene BRCA1 with low affinity"	".(S)..F"	"0.001911520721"	"5"	"3"
"ELME000198"	"LIG_BRCT_BRCA1_2"	"BRCT phosphopeptide ligands"	"Phosphopeptide motif which directly interacts with the BRCT (carboxy-terminal) domain of the Breast Cancer Gene BRCA1 with high affinity."	".(S)..F.K"	"0.000116927722504"	"1"	"1"
"ELME000199"	"LIG_BRCT_MDC1_1"	"BRCT phosphopeptide ligands"	"Phosphopeptide motif which is specifically recognized by the BRCT (Carboxy-terminal) repeats of MDC1"	".(S)..Y$"	"2.63389405903e-06"	"1"	"1"
"ELME000134"	"LIG_CaM_IQ_9"	"Helical calmodulin binding motifs"	"Helical peptide motif responsible for Ca2+-independent binding of the CaM . The motif is manly characterized by a hydrophobic residue at position 1, a highly conserved Gln at position 2, basic charges at positions 6 and 11, and a variable Gly at position 7"	"[ACLIVTM][^P][^P][ILVMFCT]Q[^P][^P][^P][RK][^P]{4,5}[RKQ][^P][^P]"	"6.36805761296e-05"	"75"	"10"
"ELME000357"	"LIG_CaMK_CASK_1"	"CASK CaMK ligand"	"Motif that mediates binding to the calmodulin-dependent protein kinase (CaMK) domain of the peripheral plasma membrane protein CASK/Lin2."	"((SP)|([ED].{0,1}))[IV]W[IVL].R"	"1.32582000612e-06"	"6"	"0"
"ELME000406"	"LIG_CaM_NSCaTE_8"	"Helical calmodulin binding motifs"	"Short motif recognized by CaM that is only present in the Cav1.2 and Cav1.3 L-type calcium channels."	"W[^P][^P][^P][IL][^P][AGS][AT]"	"1.55723335683e-05"	"3"	"0"
"ELME000236"	"LIG_CAP-Gly_1"	"CAP-Gly Domain Ligands"	"Short, acidic and aromatic carboxy terminal sequence found in a small group of microtubule-associated-proteins. The EEY/F$ motif is highly conserved and so far limited to a few known proteins, alpha-tubulin, EB proteins and CLIP170."	"[ED].{0,2}[ED].{0,2}[EDQ].{0,1}[YF]$"	"3.96302779853e-06"	"3"	"3"
"ELME000325"	"LIG_CAP-Gly_2"	"CAP-Gly Domain Ligands"	"Short, partly aromatic carboxy terminal sequence found in the SLAIN group of microtubule-associated-proteins."	".W[RK][DE]GCY$"	"2.16114905546e-12"	"1"	"1"
"ELME000387"	"LIG_CID_NIM_1"	"Nrd1 interaction motif"	"The NIM motif in Trf4 interacts with the CTD-interacting domain (CID) of Nrd1"	"[DE][DEN][DEN]D[GDN]Y.P.."	"4.39942992241e-08"	"1"	"1"
"ELME000047"	"LIG_Clathr_ClatBox_1"	"Clathrin box"	"Clathrin box motif found on cargo adaptor proteins, it interacts with the beta propeller structure located at the N-terminus of Clathrin heavy chain."	"L[IVLMF].[IVLMF][DE]"	"0.000340550653717"	"18"	"3"
"ELME000186"	"LIG_Clathr_ClatBox_2"	"Clathrin box"	"Clathrin box motif found on cargo adaptor proteins, it mediates binding to the N-terminal beta propeller of clathrin heavy chain. Also called W box, it is found in the central region of Amphiphysins where it coexists with a ""classical"" clathrin box."	".[NP]W[DES].W"	"1.46283056858e-06"	"2"	"1"
"ELME000375"	"LIG_CNOT1_NIM_1"	"CNOT1 NIM-binding site"	"The CNOT1-interacting motif (NIM) found in Nanos proteins mediates recruitment of the CCR4-NOT deadenylase complex."	"[FY][^P].[WFY][^P]DY..L"	"5.4374923451e-08"	"10"	"1"
"ELME000046"	"LIG_CORNRBOX"	"Corepressor nuclear receptor box"	"The corepressor nuclear receptor box motif confers binding to nuclear receptors."	"L[^P]{2,2}[HI]I[^P]{2,2}[IAV][IL]"	"1.02717778686e-06"	"4"	"3"
"ELME000424"	"LIG_CSK_EPIYA_1"	"EPIYA ligand motif for CSK-SH2"	"Csk Src Homology 2 (SH2) domain binding EPIYA motif"	"EP[IL]Y[TAG]"	"2.46761307667e-06"	"20"	"0"
"ELME000410"	"LIG_CSL_BTD_1"	"Ligand motif binding the CSL BTD"	"The motif mediates the interaction between a Notch-like protein and the transcription factor CSL by placing two amino acids (W and P) into a hydrophobic pocket of the BTD domain of CSL."	"[AFILMPTVW]W[FHILMPSTVW]P"	"0.000127842591812"	"18"	"2"
"ELME000098"	"LIG_CtBP_PxDLS_1"	"CtBP ligand motif"	"The PxDLS motif interacts with the NAD-dependent repressor CtBP proteins."	"(P[LVIPME][DENS][LM][VASTRG])|(G[LVIPME][DENS][LM][VASTRG]((K)|(.[KR])))"	"0.000117291361476"	"32"	"0"
"ELME000396"	"LIG_DCNL_PONY_1"	"DCNL binding motif"	"DCNL PONY domain binding motif variant based on the UBE2M and UBE2F interactions."	"^M[MIL].[MIL]"	"4.86917300286e-07"	"2"	"0"
"ELME000459"	"LIG_deltaCOP1_diTrp_1"	"Di-Tryptophan targeting motif to the Delta-COP MHD domain"	"Tryptophan-based motifs enable targeting of the tethering and (dis)assembly factors to the C-terminal mu homology domain (MHD) of the coatomer subunit delta, delta-COP."	"[DE]{1,3}.{0,2}W.{1,6}[WF]"	"0.000501108205565"	"5"	"2"
"ELME000500"	"LIG_DLG_GKlike_1"	"Phospholigands for MAGUK family Guanylate Kinase-like Domains"	"The guanylate kinase-like domain of DLG family membrane-associated scaffolding proteins binds phosphorylated motifs in SAPAPs and other protein partners."	"(R..(S)[YFLM][^P][^P][L])|(R..(S)[YFLM][^P][^P][ASG][LMVIQT])"	"9.78069710258e-05"	"14"	"4"
"ELME000121"	"LIG_Dynein_DLC8_1"	"Dynein (Light Chain) binding motifs"	"The [KR]xTQT motif interacts with the common target-accepting grooves of 8kDa Dynein Light Chain dimer."	"[^P].[KR].TQT"	"2.26342256988e-05"	"9"	"4"
"ELME000338"	"LIG_EABR_CEP55_1"	"Cep55 EABR-binding motif"	"This proline-rich motif binds to the EABR domain of Cep55 and is involved in both cytokinesis of somatic cells and intercellular bridge formation in differentiating germ cells."	".A.GPP.{2,3}Y."	"1.38098008762e-06"	"6"	"1"
"ELME000372"	"LIG_EF_ALG2_ABM_1"	"ALG-2 EF hand ligand"	"This isoform-specific ALG-2-binding motif binds to the EF hand domains of the proapoptotic Ca2+-binding ALG-2 protein in a Ca2+-dependent manner."	"P[PG]{0,1}YP.{1,6}Y[QS]{0,1}P"	"1.3639310454e-06"	"9"	"1"
"ELME000373"	"LIG_EF_ALG2_ABM_2"	"ALG-2 EF hand ligand"	"This isoform-unspecific ALG-2-binding motif binds to the EF hand domains of the proapoptotic Ca2+-binding ALG-2 protein in a Ca2+-dependent manner."	"P.P.{0,1}GF"	"2.41458395946e-05"	"3"	"0"
"ELME000056"	"LIG_EH_1"	"EH ligand"	"NPF motif interacting with EH domains, usually during regulation of endocytotic processes"	".NPF."	"5.86028045872e-05"	"88"	"3"
"ELME000148"	"LIG_EH1_1"	"eh1 motif"	"The engrailed homology domain 1 motif is found in homeodomain containing active repressors and other transcription families, and allows for the recruitment of Groucho/TLE corepressors."	".[FYH].[IVM][^WFYP][^WFYP][ILM][ILMV]."	"7.85797550811e-05"	"11"	"1"
"ELME000317"	"LIG_eIF4E_1"	"eIF4E binding motif"	"Motif binding to the dorsal surface of eIF4E."	"Y....L[VILMF]"	"0.000189127545301"	"13"	"0"
"ELME000319"	"LIG_eIF4E_2"	"eIF4E binding motif"	"Atypical variant of eIF4E motif."	"Y.PP.[ILMV]R"	"1.32065727024e-06"	"5"	"0"
"ELME000057"	"LIG_EVH1_1"	"EVH1  ligands"	"Proline-rich motif binding to signal transduction class I EVH1 domains."	"([FYWL]P.PP)|([FYWL]PP[ALIVTFY]P)"	"0.000123675426279"	"19"	"3"
"ELME000058"	"LIG_EVH1_2"	"EVH1  ligands"	"Proline-rich motif binding to signal transduction class II EVH1 domains."	"PP..F"	"0.000163246836553"	"8"	"1"
"ELME000315"	"LIG_EVH1_3"	"EVH1  ligands"	"A proline-rich motif binding to EVH1/WH1 domains of WASP and N-WASP proteins."	"[FY].[FW].....[LMVIF]P.P[DE]"	"1.85499091195e-07"	"3"	"1"
"ELME000125"	"LIG_FAT_LD_1"	"Paxillin LD motifs"	"The paxillin LD motif is recognized by FAK and other focal adhesion proteins mainly involved in cytoskeletal regulation"	"[LV][DE][^P][LM][LM][^P][^P]L[^P]"	"6.90047874551e-06"	"4"	"2"
"ELME000052"	"LIG_FHA_1"	"FHA phosphopeptide ligands"	"Phosphothreonine motif binding a subset of FHA domains that show a preference for a large aliphatic amino acid at the pT+3 position."	"..(T)..[ILV]."	"0.008662242543"	"6"	"3"
"ELME000220"	"LIG_FHA_2"	"FHA phosphopeptide ligands"	"Phosphothreonine motif binding a subset of FHA domains that have a preference for an acidic amino acid at the pT+3 position."	"..(T)..[DE]."	"0.008286441426"	"6"	"2"
"ELME000452"	"LIG_FXI_DFP_1"	"Apple-PAN domain ligand motif"	"The DFP motif enables binding to the 2nd apple domain of coagulation factor XI (FXI) and plasma kallikrein heavy chain."	"[FYWHIL].DF[PD]"	"2.19691899426e-05"	"5"	"2"
"ELME000398"	"LIG_FZD_DVL_PDZ"	"The DVL binding motif in Frizzled"	"A short internal motif near the C-terminus of Frizzleds, which interacts with the PDZ domain of DVL in Wnt pathway."	"W.{0,1}[VIL].[ST].KA{0,1}T...W"	"8.74268845331e-09"	"9"	"0"
"ELME000409"	"LIG_G3BP_FGDF_1"	"G3BP binding motif"	"The FGDF motif binds to a hydrophobic binding cleft within the N-terminal NTF2-like domain of the stress granule protein G3BP."	"[FYLIMV].FG[DES]F"	"1.19535010484e-06"	"9"	"0"
"ELME000441"	"LIG_GBD_Chelix_1"	"GTPase-binding domain (GBD) ligand"	"Amphipatic alpha helix that binds the GTPase-binding domain (GBD) in WASP and N-WASP."	"[ILV][VA][^P][^P][LI][^P][^P][^P][LM]"	"9.79156183118e-05"	"12"	"3"
"ELME000255"	"LIG_GLEBS_BUB3_1"	"GLEBS Motif"	"Gle2-binding-sequence motif"	"[EN][FYLW][NSQ].EE[ILMVF][^P][LIVMFA]"	"9.06911046768e-07"	"5"	"2"
"ELME000407"	"LIG_GSK3_LRP6_1"	"GSK-3 binding motif in LRP6 and LRP5"	"PPPSP motif present on the cytosolic tails of the transmembrane receptors LRP5 and LRP6, responsible for GSK3 binding and inhibition when phosphorylated."	"(([CP]PP)|(PP[TP]))[ST]P[^P][TS]{0,1}"	"3.72917026919e-05"	"8"	"0"
"ELME000116"	"LIG_GYF"	"GYF ligand"	"LIG_GYF is a proline-rich sequence specifically recognized by GYF domains"	"[QHR].{0,1}P[PL]PP[GS]H[RH]"	"1.68555681301e-08"	"3"	"1"
"ELME000302"	"LIG_HCF-1_HBM_1"	"HCF-1 binding motif"	"The DHxY Host Cell Factor-1 binding motif (HBM) interacts with the N-terminal kelch propeller domain of the cell cycle regulator HCF-1"	"[DE]H.Y"	"5.073861324e-05"	"17"	"0"
"ELME000170"	"LIG_HOMEOBOX"	"Homeodomain ligand"	"The YPWM motif confers binding to the PBX homeobox domain"	"[FY][DEP]WM"	"9.95281406031e-07"	"16"	"1"
"ELME000141"	"LIG_HP1_1"	"HP1 ligand"	"Ligand to interface formed by dimerisation of two chromoshadow domains in HP1 proteins."	"P[MVLIRWY]V[MVLIAS][LM]"	"3.37814005621e-05"	"9"	"1"
"ELME000446"	"LIG_IBAR_NPY_1"	"I-BAR domain binding site"	"A short NPY motif present in the bacterial effector protein Tir binds the I-BAR domain and is involved in actin polymerization"	"NPY"	"4.51387471903e-05"	"7"	"1"
"ELME000129"	"LIG_IBS_1"	"Integrin RGD-type binding sites"	"Integrins are major collagen receptors on the surface of eukaryotic cells. This consensus sequence is present in some alpha chains of different collagen types (e.g. alpha 1 chain of type I, II, V and alpha 2 chain of collagen type I and VIII)."	"G[FL]PGER..G"	"1.98094163941e-08"	"0"	"0"
"ELME000316"	"LIG_Integrin_isoDGR_2"	"Integrin RGD-type binding sites"	"NGR motif is present in proteins of extracellular matrix which upon deamidation forms a biologically active isoDGR motif that binds to various members of integrin family."	"NGR"	"0.00015972516188"	"8"	"0"
"ELME000522"	"LIG_Integrin_KxxGD_FGGC_5"	"Integrin RGD-type binding sites"	"An αIIbβ3 integrin-specific, C-terminal variant of the RGD motif where a displaced lysine substitutes for the canonical arginine."	"K.[AV]GD.$"	"4.85578146649e-08"	"5"	"1"
"ELME000094"	"LIG_Integrin_RGD_1"	"Integrin RGD-type binding sites"	"The RGD motif can be found in many extracellular proteins and  is recognized by different members of the integrin family. The structure of the tenth type III module of fibronectin shows that the RGD motif lies on an exposed flexible loop."	"RGD"	"0.000236617461606"	"25"	"2"
"ELME000514"	"LIG_Integrin_RGD_TGFB_3"	"Integrin RGD-type binding sites"	"A C-terminally extended subtype of the canonical RGD motif strongly binding to integrins αvβ6 and αvβ8."	"RGDL[^P][^P][LI]"	"1.41969866046e-06"	"5"	"4"
"ELME000520"	"LIG_Integrin_RGDW_4"	"Integrin RGD-type binding sites"	"A C-terminally extended subtype of the canonical RGD motif strongly binding to integrins αIIbβ3 and αvβ3."	"[RK]GDW"	"3.17479574732e-06"	"18"	"0"
"ELME000439"	"LIG_IRF3_LxIS_1"	"IRF-3 interaction and dimerisation motif"	"A binding site for IRF-3 protein present in various innate adaptor proteins, IRF-3 itself and rotaviral NSP1 which triggers the innate immune responsive pathways"	"[VILPF].{1,3}L.I(S)"	"0.00015898302321"	"7"	"5"
"ELME000250"	"LIG_KEPE_1"	"Sumoylation site"	"Short length variant of the KEPE motif which is found superposed on some SUMO sites"	"[VILMFT]K.EP.[DE]"	"1.73278519416e-05"	"5"	"0"
"ELME000251"	"LIG_KEPE_2"	"Sumoylation site"	"Medium length variant of the KEPE motif which is found superposed on some SUMO sites"	"[VILMFT]K.EP.{2,3}[DE]"	"3.46557038832e-05"	"12"	"0"
"ELME000252"	"LIG_KEPE_3"	"Sumoylation site"	"Long length variant of the KEPE motif which is found superposed on some SUMO sites"	"[VILMFT]K.EP....[DE]"	"1.73278519416e-05"	"4"	"0"
"ELME000408"	"LIG_KLC1_WD_1"	"Motifs binding the TPR domain of kinesin light chain 1"	"This short WD or WE motif is found in cargo proteins and mediates kinesin-1-dependent microtubule transport by binding to the KLC TPR region. "	"[LMTAFSRI][^KRG]W[DE].{3,5}[LIVMFPA]"	"0.000353762782379"	"22"	"1"
"ELME000484"	"LIG_KLC1_Yacidic_2"	"Motifs binding the TPR domain of kinesin light chain 1"	"A kinesin cargo motif binding to the TPR domain of KLC1 found in JIP1 and TorsinA."	"[ED].{0,1}[IYVLMTF]Y[LIV][DE]"	"2.04486796104e-05"	"3"	"2"
"ELME000369"	"LIG_LIR_Apic_2"	"Atg8 protein family ligands"	"Apicomplexa specific variant of the canonical LIR motif that binds to Atg8 protein family members to mediate processes involved in autophagy."	"[EDST].{0,2}[WFY]..P"	"0.00337096434764"	"1"	"1"
"ELME000368"	"LIG_LIR_Gen_1"	"Atg8 protein family ligands"	"Canonical LIR motif that binds to Atg8/LC3 protein family members to mediate processes involved in autophagy."	"[EDST].{0,2}[WFY][^RKPGWFY][^PG][ILVFM]((.{0,4}[PLAFIVMY])|($)|(.{0,3}[ED]))"	"0.00363117934943"	"54"	"26"
"ELME000371"	"LIG_LIR_LC3C_4"	"Atg8 protein family ligands"	"Non-canonical variant of the LIR motif that binds to Atg8 protein family members to mediate processes involved in autophagy."	"[EDST].{0,2}LVV"	"0.00013686106252"	"1"	"1"
"ELME000370"	"LIG_LIR_Nem_3"	"Atg8 protein family ligands"	"Nematode-specific variant of the canonical LIR motif that binds to Atg8 protein family members to mediate processes involved in autophagy."	"[EDST].{0,2}[WFY]..[ILVFY]"	"0.00636210223003"	"11"	"1"
"ELME000397"	"LIG_LRP6_Inhibitor_1"	"Extracellular side LRP5 and -6 binding motif"	"Short motif present in extracellular of some Wnt antagonists recognized by the N-terminal β-propeller domain of LRP5/6 and thus inhibits the Wnt pathway."	"([VILA]..N.I[RK])|([VILA].PN.IG.{0,6}[RK])"	"2.6299699204e-05"	"3"	"2"
"ELME000492"	"LIG_LSD1_SNAG_1"	"LSD1 binding SNAG inhibitory motif"	"A repressor motif found in some zinc finger transcription factors binds to the amine oxidase domain of LSD1."	"^M{0,1}PR.FLV[KR]K{0,1}."	"8.86190825438e-11"	"11"	"1"
"ELME000299"	"LIG_LYPXL_L_2"	"LYPxL ESCRT motif"	"The long version of the LYPxL motif binds the V-domain of Alix, a protein involved in endosomal sorting."	"[ILVM]YP...[ILVM][^P][^P][LI]"	"2.96627568006e-06"	"4"	"3"
"ELME000294"	"LIG_LYPXL_S_1"	"LYPxL ESCRT motif"	"The short version of the LYPxL motif binds the V-domain of Alix, a protein involved in endosomal sorting."	"[ILVMF]YP.[ILVMF]"	"4.46453005616e-05"	"18"	"1"
"ELME000513"	"LIG_LYPXL_SIV_4"	"LYPxL ESCRT motif"	"The SIV helical version of the LYPxL motif binds the V-domain of Alix, a protein involved in endosomal sorting."	"[PA]Y..[AV][^P]{3}L"	"1.54867101608e-05"	"3"	"2"
"ELME000508"	"LIG_LYPXL_yS_3"	"LYPxL ESCRT motif"	"The yeast short version of the LYPxL motif binds the V-domain of Bro1 and Rim20, proteins involved in endosomal sorting and pH signalling."	"YP.[ILVM]"	"0.000219511843778"	"2"	"0"
"ELME000167"	"LIG_MAD2"	"MAD2 binding motif"	"Mad2 binding motif"	"[KR][IV][LV].....P"	"0.000101063469513"	"6"	"1"
"ELME000460"	"LIG_MLH1_MIPbox_1"	"MLH1 C-terminal Domain Ligand"	"Proteins involved in DNA repair and replication employ conserved MIP-box motifs to bind the C-terminal domain of mismatch repair protein MLH1."	".S.[FY][F]"	"6.21244234325e-05"	"6"	"2"
"ELME000385"	"LIG_Mtr4_Air2_1"	"Mtr4-Air2-interaction site"	"This motif on Air2 interacts with the DExH core of Mtr4, forming a part of the nucleus-located TRAMP complex. The motif is conserved in fungi."	"GRYFG"	"9.05938089572e-08"	"3"	"1"
"ELME000383"	"LIG_Mtr4_Trf4_1"	"Mtr4-Trf4-interaction site"	"This motif on Trf4 interacts with the DExH core of Mtr4, forming a part of the nucleus-located TRAMP complex. The motif is conserved in Fungi."	"[LFVAIMW].{3,5}[DE][FY][IL][SAPGK][FL].{3,6}[DE]{3}"	"1.44135983372e-07"	"4"	"1"
"ELME000384"	"LIG_Mtr4_Trf4_2"	"Mtr4-Trf4-interaction site"	"This motif on PAPD5 interacts with the DExH core of SKIV2L2, forming a part of the nucleus-located TRAMP complex. The predicted motif is conserved in Vertebrates."	"Q[RGQ]DF[LI][PS]L[DE]"	"2.03587421375e-09"	"3"	"0"
"ELME000145"	"LIG_MYND_1"	"MYND domain binding motif."	"PxLxP motif is recognized by a subset of MYND domain containing proteins."	"P.L.P"	"0.000649937416208"	"6"	"0"
"ELME000340"	"LIG_MYND_2"	"MYND domain binding motif."	"Motif that mediates the interaction between MYND domain of AML1/ETO and co-repressors SMRT and N-CoR."	"PP.LI"	"1.75333616771e-05"	"3"	"1"
"ELME000341"	"LIG_MYND_3"	"MYND domain binding motif."	"A variant MYND binding motif found in the HSP90 co-chaperones p23 and FKBP38 interacting with PHD2 MYND domain."	"[LMV]P.LE"	"8.4443906863e-05"	"2"	"0"
"ELME000346"	"LIG_NBox_RRM_1"	"FBP Nbox motif"	"Amino terminal region on Far Upstream Element (FUSE) binding protein (UNIPROT:Q96AE4), which mediates the interaction with FIR in order to recruit FIR (UNIPROT:Q9UHX1) to FUSE DNA."	"F..A[ILV]..A..[ILV]"	"2.14199246297e-06"	"2"	"1"
"ELME000045"	"LIG_NRBOX"	"Nuclear receptor box"	"The nuclear receptor box motif (LXXLL) confers binding to nuclear receptors."	"[^P]L[^P][^P]LL[^P]"	"0.000262764536293"	"24"	"5"
"ELME000493"	"LIG_NRP_CendR_1"	"CendR Motif Binding to Neuropilin Receptors"	"The CendR motif has a carboxy-terminal arginine, which binds to the Neuropilin b1 domain binding site. CendR motifs are either located at the protein C-terminus or are generated by internal cleavage by a polybasic protease, such as Furin"	"[RK].{0,2}R$"	"4.27913964794e-05"	"12"	"4"
"ELME000326"	"LIG_OCRL_FandH_1"	"F and H motif"	"The F and H motif describes a 10-13-mer peptide sequence determined by a highly conserved phenylalanine and histidine residue surrounded by hydrophobic amino acids. A complex of ASH and RhoGAP-like domain binds this motif within a hydrophobic pocket."	".F[^P][^P][KRIL]H[^P][^P][YLMFH][^P]..."	"9.77240676559e-06"	"3"	"1"
"ELME000413"	"LIG_PALB2_WD40_1"	"PALB2 WD40 repeat binding motif in BRCA2"	"A motif present in the BRCA2 protein which binds to the WD 40 repeat (blade 4,5) domain of PALB2 which is required for the recognition of DNA double strand breaks and repair."	"....WF..L"	"9.19211355095e-06"	"1"	"1"
"ELME000303"	"LIG_PAM2_1"	"PAM2 motif"	"Peptide ligand motif that directly binds to the MLLE/PABC domain found in poly(A)-binding proteins and HYD E3 ubiquitin ligases, mainly via a common central core region and a complementary N-terminal region."	"..[LFP][NS][PIVTAFL].A..(([FY].[PYLF])|(W..))."	"9.95389535837e-06"	"22"	"6"
"ELME000339"	"LIG_PAM2_2"	"PAM2 motif"	"Peptide ligand motif that directly binds to the MLLE/PABC domain found in poly(A)-binding proteins and HYD E3 ubiquitin ligases, mainly via a common central core region and a complementary C-terminal region."	"((WPP)|([FL][PV][APQ]))EF.PG.PWKG."	"9.77274730646e-14"	"4"	"1"
"ELME000475"	"LIG_PCNA_APIM_2"	"PCNA binding PIP Box"	"The PCNA-binding APIM motif is found in proteins involved in DNA repair and cell cycle control"	"[MLIV].[KR][FY][MLIVF][LIV][KR]"	"2.22411935838e-06"	"2"	"1"
"ELME000140"	"LIG_PCNA_PIPBox_1"	"PCNA binding PIP Box"	"The PCNA binding motifs include the PIP Box and the APIM motif, and are found in proteins involved in DNA replication, repair, methylation and cell cycle control."	"[QM].[^FHWY][LIVM][^P][^PFWYMLIV](([FYHL][FYW])|([FYH][FYWL])).."	"8.6625618785e-05"	"19"	"10"
"ELME000483"	"LIG_PCNA_TLS_4"	"PCNA binding PIP Box"	"The PCNA binding motifs include the PIP Box, PIP degron, the APIM and the TLS motif. These motifs are found in proteins involved in DNA replication, repair, methylation and cell cycle control."	"[KR]..[ILM](([DE][^P][FY][FLI])|([G][^P][FY][FLI].{0,1}[KR]))"	"8.18769621047e-06"	"3"	"2"
"ELME000482"	"LIG_PCNA_yPIPBox_3"	"PCNA binding PIP Box"	"The PCNA binding motifs include the PIP Box, PIP degron and the APIM motif, and are found in proteins involved in DNA replication, repair, methylation and cell cycle control. This is the variant for the yeast PIPbox"	"([KR].{0,6}[QN].[^FHWY][LIVM][^P][^PFWYMLIV][FYLMWV][FYLMWVI])|([QN].[^FHWY][LIVM][^P][^PFWYMLIV][FYLMWV][FYLMWVI].{0,6}[KR])"	"0.000557539777334"	"12"	"2"
"ELME000086"	"LIG_PDZ_Class_1"	"PDZ domain ligands"	"The C-terminal class 1 PDZ-binding motif is classically represented by a pattern like (ST)X(VIL)*"	"...[ST].[ACVILF]$"	"7.25453204794e-05"	"52"	"24"
"ELME000091"	"LIG_PDZ_Class_2"	"PDZ domain ligands"	"The C-terminal class 2 PDZ-binding motif is classically represented by a pattern such as (VYF)X(VIL)*"	"...[VLIFY].[ACVILF]$"	"7.88851572129e-05"	"13"	"8"
"ELME000089"	"LIG_PDZ_Class_3"	"PDZ domain ligands"	"The C-terminal class 3 PDZ-binding motif is classically represented by a pattern such as (DE)X(VIL)*"	"...[DE].[ACVILF]$"	"6.16820946762e-05"	"1"	"1"
"ELME000451"	"LIG_PDZ_Wminus1_1"	"PDZ domain ligands"	"The C-terminal Trp-1 PDZ-binding motif is represented by a pattern like W(ACGILV)$"	".W[ACGILV]$"	"3.71755259392e-06"	"27"	"3"
"ELME000080"	"LIG_Pex14_1"	"Pex14 ligand motif"	"Wxxx[FY] motifs present in N-terminal half of Pex5 bind to Pex13 and Pex14 at peroxisomal and glycosomal membranes to facilitate entrance of PTS1 cargo proteins into the organellar lumen."	"W...[FY]"	"0.000222625"	"27"	"1"
"ELME000328"	"LIG_Pex14_2"	"Pex14 ligand motif"	"Fxxx[WF] motifs are present in Pex19 and S. cerevisiae Pex5 cytosolic receptors that bind to peroxisomal membrane docking member, Pex14"	"F...[WF]"	"0.000462812031"	"2"	"0"
"ELME000377"	"LIG_Pex14_3"	"Pex14 ligand motif"	"Motif in Pex5 interacting with the N-terminal domain (NTD) of Pex14"	"LV.EF[LM]"	"5.00205191734e-07"	"1"	"1"
"ELME000378"	"LIG_Pex14_4"	"Pex14 ligand motif"	"Fungal motif in Pex5 interacting with the N-terminal domain of Pex14"	"MM[NDE][EDNAG]F[LMA]"	"6.22956325844e-08"	"0"	"0"
"ELME000329"	"LIG_Pex3_1"	"Pex3-binding site"	"LxxLLxxxLxxF motif is located in N-terminus of Pex19 receptors that are responsible for docking to Pex3 docking factor at cis side of peroxisomal membrane."	"L..LL...L..F"	"5.24025198162e-07"	"1"	"0"
"ELME000445"	"LIG_PROFILIN_1"	"Polyproline profilin-binding motif"	"The polyproline profilin-binding motif is found in regulators of actin cytoskeleton. "	"PPP[PA]P((P[LGP])|([LG]P))"	"4.88078336316e-07"	"16"	"4"
"ELME000099"	"LIG_PTAP_UEV_1"	"UEV Domain binding PTAP motif"	"PTAP motif binds the N-terminal UEV domain of Tsg101."	".P[TS]AP."	"0.000108060811736"	"27"	"2"
"ELME000122"	"LIG_PTB_Apo_2"	"PTB ligand"	"These phosphorylation-independent motifs bind to Dab-like PTB domains. Binding is not driven by contacts at the 0 or FY position, but instead is dependent upon the large number of hydrophobic and hydrogen bond contacts between motif and domain."	"(.[^P].NP.[FY].)|(.[ILVMFY].N..[FY].)"	"0.000310820773429"	"19"	"7"
"ELME000095"	"LIG_PTB_Phospho_1"	"PTB ligand"	"This phosphorylation-dependent motif binds to Shc-like and IRS-like PTB domains. The pTyr is positioned within a highly basic-charged anchoring pocket. A hydrophobic residue -5 (compared to pY) increases the affinity of the interaction."	"(.[^P].NP.(Y))|(.[ILVMFY].N..(Y))"	"0.000135240509448"	"17"	"6"
"ELME000007"	"LIG_Rb_LxCxE_1"	"Rb pocket B binding ligand"	"Interacts with the Retinoblastoma protein"	"([DEST]|^).{0,4}[LI].C.E.{1,4}[FLMIVAWPHY].{0,8}([DEST]|$)"	"0.00054172450805"	"45"	"9"
"ELME000301"	"LIG_Rb_pABgroove_1"	"Rb pocket AB groove ligand"	"The LxxLFD motif binds in a deep groove between pocket A and pocket B of the Retinoblastoma protein"	"..[LIMV]..[LM][FY]D."	"2.47480905282e-05"	"3"	"2"
"ELME000450"	"LIG_REV1ctd_RIR_1"	"RIR motif"	"Several DNA repair proteins interact with the C-terminal domain of the Rev1 translesion synthesis scaffold through the Rev1-Interacting Region RIR motif that is centred around two neighbouring Phe residues."	"..FF[^P]{0,2}[KR]{1,2}[^P]{0,4}"	"0.00053501842574"	"10"	"4"
"ELME000382"	"LIG_RPA_C_Fungi"	"RPA32C ligand-binding site"	"Fungi version of the RPA interacting motif, which is located on DNA replication and repair proteins UNG2, XPA, TIPIN, SMARCAL1 and RAD14 and interacts with Replication Protein A (RPA), a DNA binding protein."	"[^P][MIALVF][^P][^P][NSHRA]R[^P][^P][ASV][^P][^P][RKLIA][RQLIVA]"	"5.63720331125e-05"	"1"	"0"
"ELME000381"	"LIG_RPA_C_Insects"	"RPA32C ligand-binding site"	"Insect version of the RPA interacting motif, which is located on DNA replication and repair proteins UNG2, XPA, TIPIN, SMARCAL1 and RAD14 and interacts with Replication Protein A (RPA), a DNA binding protein."	"[^P][MIAL][^P][^P][NKS][KRLQH][^P][^P]A[^P][^P][RKLI][RKL][^P][^P][KR]"	"1.83137975518e-06"	"0"	"0"
"ELME000380"	"LIG_RPA_C_Plants"	"RPA32C ligand-binding site"	"Plant version of the RPA interacting motif, which is located on DNA replication and repair proteins UNG2, XPA, TIPIN, SMARCAL1 and RAD14 and interacts with Replication Protein A (RPA), a DNA binding protein."	"R[MIVAS][^P][^P][NQ][KRL][^P][^P]A[^P][^P][RK]"	"1.57655918807e-06"	"0"	"0"
"ELME000379"	"LIG_RPA_C_Vert"	"RPA32C ligand-binding site"	"The RPA interacting motif is located on DNA replication and repair proteins UNG2, XPA, TIPIN, SMARCAL1 and RAD14 and interacts with Replication Protein A (RPA), a DNA binding protein."	"[KRS]I[^P][^P][NK][KR][^P][^P]A[^P][^P][RKL][RKL][^P][^P][RK]"	"1.20963676014e-08"	"4"	"2"
"ELME000235"	"LIG_RRM_PRI_1"	"RRM domain ligands"	"The PTB RRM2 Interacting (PRI) motif is found in some splicing regulators, possibly only in the chordate lineage. As part of splicing complex regulation, it interacts with the 2nd RNA binding domain (RRM) of PTB, the polypyrimidine tract binding protein."	".[ILVM]LG..P."	"8.39114380548e-05"	"3"	"0"
"ELME000420"	"LIG_Rrp6Rrp47_Mtr4_1"	"Rrp6-Rrp47 heterodimer-binding motif in Mtr4"	"The motif enables the interaction of Mtr4 like helicases with the Rrp6-Rrp47 heterodimer and thus the formation of the exosome binding complex. "	"[ED]LF[^P][VC]F.{0,1}[ED]"	"4.76129511272e-08"	"5"	"1"
"ELME000521"	"LIG_RuBisCO_WRxxL_1"	"WRxxL motif"	"The WRxxL RuBisCO-binding motif present in Pyrenoid proteins promotes the assembly of this algal organelle and its different compartments."	"[ILVATSRK][^EDN].[NDS]W[RK][^P][^P][LIVAPS]"	"2.32215803244e-05"	"20"	"2"
"ELME000458"	"LIG_SH2_CRK"	"Phosphotyrosine ligands bound by SH2 domains"	"CRK family SH2 domain binding motif."	"(Y)[^EPILVFYW][^HDEW][PLIV][^DEW]"	"0.00151526049843"	"36"	"1"
"ELME000084"	"LIG_SH2_GRB2like"	"Phosphotyrosine ligands bound by SH2 domains"	"GRB2-like Src Homology 2 (SH2) domains binding motif"	"(Y)([EDST]|[MLIVAFYHQW])N."	"0.000317477658293"	"35"	"10"
"ELME000474"	"LIG_SH2_NCK_1"	"Phosphotyrosine ligands bound by SH2 domains"	"NCK Src Homology 2 (SH2) domain binding motif"	"(Y)[DESTNA][^GWFY][VPAI][DENQSTAGYFP]"	"0.000829332485498"	"17"	"1"
"ELME000083"	"LIG_SH2_PTP2"	"Phosphotyrosine ligands bound by SH2 domains"	"SH-PTP2 and phospholipase C-gamma Src Homology 2 (SH2) domains binding motif."	"(Y)[IV].[VILP]"	"0.00024539307209"	"1"	"0"
"ELME000081"	"LIG_SH2_SRC"	"Phosphotyrosine ligands bound by SH2 domains"	"Src-family Src Homology 2 (SH2) domains binding motif."	"(Y)[QDEVAIL][DENPYHI][IPVGAHS]"	"0.000872937102303"	"24"	"1"
"ELME000465"	"LIG_SH2_STAP1"	"Phosphotyrosine ligands bound by SH2 domains"	"STAP1 Src Homology 2 (SH2) domain Class 2 binding motif"	"(Y)[DESTA][^GP][^GP][ILVFMWYA]"	"0.0010263206699"	"22"	"1"
"ELME000163"	"LIG_SH2_STAT3"	"Phosphotyrosine ligands bound by SH2 domains"	"YXXQ motif found in the cytoplasmic region of cytokine receptors that bind STAT3 SH2 domain."	"(Y)..Q"	"0.000797495836"	"9"	"0"
"ELME000182"	"LIG_SH2_STAT5"	"Phosphotyrosine ligands bound by SH2 domains"	"STAT5 Src Homology 2 (SH2) domain binding motif."	"(Y)[VLTFIC].."	"0.003295871152"	"19"	"0"
"ELME000183"	"LIG_SH2_STAT6"	"Phosphotyrosine ligands bound by SH2 domains"	"STAT6 Src Homology 2 (SH2) domain binding motif."	"G(Y)[KQ].F"	"2.25724358665e-06"	"1"	"0"
"ELME000005"	"LIG_SH3_1"	"SH3 ligand"	"This is the motif recognized by class I SH3 domains"	"[RKY]..P..P"	"0.00123698225249"	"8"	"0"
"ELME000006"	"LIG_SH3_2"	"SH3 ligand"	"This is the motif recognized by class II SH3 domains"	"P..P.[KR]"	"0.00111124155225"	"19"	"6"
"ELME000155"	"LIG_SH3_3"	"SH3 ligand"	"This is the motif recognized by those SH3 domains with a non-canonical class I recognition specificity"	"...[PV]..P"	"0.013172913712"	"26"	"1"
"ELME000156"	"LIG_SH3_4"	"SH3 ligand"	"This is the motif recognized by those SH3 domains with a non-canonical class II recognition specificity"	"KP..[QK]..."	"0.000678138027809"	"2"	"0"
"ELME000157"	"LIG_SH3_5"	"SH3 ligand"	"PXXDY motif recognized by some SH3 domains"	"P..DY"	"6.68687115699e-05"	"3"	"0"
"ELME000501"	"LIG_SH3_CIN85_PxpxPR_1"	"CIN85 and CD2AP SH3 domain binding motif "	"The non-canonical SH3-binding motif is recognized primarily by adaptor proteins CIN85 and CD2AP, which are involved in RTK regulation, endocytosis, lysosomal degradation, actin cytoskeleton dynamics regulation, and signal transduction"	"P.[AP].PR"	"9.56222155299e-05"	"60"	"4"
"ELME000021"	"LIG_Sin3_1"	"SID"	"Motif interacts with PAH2 domain in the Sin3 scaffold protein."	"[LIV]..[LM]L.AA.[FY][LI]"	"1.75871282322e-08"	"4"	"2"
"ELME000022"	"LIG_Sin3_2"	"SID"	"Motif interacts with PAH2 domain in the Sin3 scaffold protein (sp-1 like)."	"[FHYM].A[AV].[VAC]L[MV].[MI]"	"1.93664158271e-08"	"3"	"0"
"ELME000041"	"LIG_Sin3_3"	"SID"	"Motif interacts with PAH2 domain in the Sin3 scaffold protein (not mad or sp-1 like)."	"[FA].[LA][LV][LVI]..[AM]"	"2.19697908462e-05"	"2"	"0"
"ELME000327"	"LIG_SPRY_1"	"SPRY domain ligand"	"Peptide motif binding to the members of the SSB (or SPSB) family (SPRY domain- and SOCS box-containing protein)"	"[ED][LIV]NNN[^P]"	"7.11177466083e-07"	"2"	"2"
"ELME000359"	"LIG_SUFU_1"	"SUFU binding motif"	"A hydrophobic motif in GLI transcription factors required for binding to SUFU protein, which inhibits their activity and hence negatively regulates hedgehog signalling."	"[SV][CY]GH[LIF][LAST][GAIV]."	"5.52192297662e-08"	"5"	"2"
"ELME000335"	"LIG_SUMO_SIM_anti_2"	"SUMO interaction site"	"Motif for the antiparallel beta augmentation mode of non-covalent binding to SUMO protein."	"[DEST]{1,10}.{0,1}[VIL][DESTVILMA][VIL][VILM].[DEST]{0,5}"	"0.00234949254565"	"17"	"2"
"ELME000333"	"LIG_SUMO_SIM_par_1"	"SUMO interaction site"	"Motif for the parallel beta augmentation mode of non-covalent binding to SUMO protein."	"[DEST]{0,5}.[VILPTM][VIL][DESTVILMA][VIL].{0,1}[DEST]{1,10}"	"0.00454520100697"	"33"	"4"
"ELME000254"	"LIG_SxIP_EBH_1"	"SxIP motif"	"SxIP motifs bind to EBH domains."	"([KR][^ED]{0,5}[ST].IP[^ED]{5,5})|([^ED]{5,5}[ST].IP[^ED]{0,5}[KR])"	"0.000209645817163"	"9"	"1"
"ELME000130"	"LIG_TPR"	"TPR binding site"	"Ligands of the TPR (tetratricopeptide repeat motif) domains are EEVD motifs, C-terminal sequences highly conserved in all eukaryotic members of the Hsp70 and Hsp90 families."	"EEVD$"	"3.22676097674e-08"	"9"	"2"
"ELME000117"	"LIG_TRAF2_1"	"TRAF2 binding site"	"Major TRAF2-binding consensus motif. Members of the tumor necrosis factor receptor (TNFR) superfamily initiate intracellular signaling by recruiting the C-domain of the TNFR-associated factors (TRAFs) through their cytoplasmic tails."	"[PSAT].[QE]E"	"0.00429981271202"	"14"	"6"
"ELME000118"	"LIG_TRAF2_2"	"TRAF2 binding site"	"Minor TRAF2-binding consensus motif.  Members of the tumor necrosis factor receptor (TNFR) superfamily initiate intracellular signaling by recruiting the C-domain of the TNFR-associated factors (TRAFs) through their cytoplasmic tails."	"P.Q..D"	"0.000266680422721"	"1"	"1"
"ELME000133"	"LIG_TRAF6"	"TRAF6 binding site"	"TRAF6 binding site. Members of the tumor necrosis factor receptor (TNFR) superfamily initiate intracellular signaling by recruiting the C-domain of the TNFR-associated factors (TRAFs) through their cytoplasmatic tails."	"..P.E..[FYWHDE]."	"0.00171471882779"	"20"	"0"
"ELME000249"	"LIG_TRFH_1"	"TRFH domain docking motifs"	"TRF1 and TRF2 both bind to another shelterin protein: TIN2. The TRF1-TIN2 interaction was mediated by a short motif in the N-Ter of TIN2. TIN2 connects TRF1 to TRF2; this link contributes to the stabilization of TRF2 on telomeres."	"[FY].L.P"	"0.000224004645183"	"3"	"2"
"ELME000017"	"LIG_TYR_ITAM"	"Immunoreceptor tyrosine-based motif"	"ITAM (immunoreceptor tyrosine-based activatory motif). ITAM consists of partially conserved short sequence of amino acid found in the cytoplasmatic tail of antigen and Fc receptors."	"[DEN]..(Y)..[LI].{6,12}(Y)..[LI]"	"2.42512863715e-06"	"7"	"1"
"ELME000020"	"LIG_TYR_ITIM"	"Immunoreceptor tyrosine-based motif"	"ITIM (immunoreceptor tyrosine-based inhibitory motif). Phosphorylation of the ITIM motif, found in the cytoplasmic tail of some inhibitory receptors (KIRs) that bind MHC Class I, leads to the recruitment and activation of a protein tyrosine phosphatase."	"[ILV].(Y)..[ILV]"	"0.000299240952879"	"7"	"0"
"ELME000142"	"LIG_TYR_ITSM"	"Immunoreceptor tyrosine-based motif"	"ITSM (immunoreceptor tyrosine-based switch motif). This motif is present in the cytoplasmic region of the CD150 subfamily within the CD2 family and it enables these receptors to bind to and to be regulated by SH2 adaptor molecules, as SH2DIA."	"..T.(Y)..[IV]"	"6.09445094958e-05"	"12"	"0"
"ELME000395"	"LIG_UBA3_1"	"Binding motif for UBA3 adenylation domain"	"UBA3 adenylation domain binding motif variant based on the UBE2M and UBE2F interactions."	"[ILM][ILMF].{1,2}[ILM].{0,4}K"	"0.00119615886678"	"2"	"0"
"ELME000419"	"LIG_UFM1_UFIM_1"	"UFM1 interacting motif"	"UFIM is a motif present in the E1 enzyme UBA5 required to bind ubiquitin-like protein UFM1. UFIM overlaps with a LIR motif binding LC3/GABARAP family proteins."	"[ND].WGI.[LIV][VMLI].{0,1}[ED]"	"7.65084312239e-09"	"1"	"1"
"ELME000201"	"LIG_ULM_U2AF65_1"	"UHM domain Ligand Motif"	"Pattern encompassing the ULMs in SF1 and SAP155 which bind to the UHM of U2AF65"	"[KR]{1,4}[KR].[KR]W."	"1.52756899464e-05"	"8"	"3"
"ELME000438"	"LIG_Vh1_VBS_1"	"Vinculin binding site"	"An amphipathic alpha-helix recognized by the head domain of vinculin that is required for vinculin activation and actin filament attachment."	"[VMILF][MILVFYHPA][^P][TASKHCV][AVSC][^P][^P][ILVMT][^P][^P][^P][LMTVI][^P][^P][LMVCT][ILVMCA][^P][^P][AIVLMTC]"	"1.87903256756e-06"	"15"	"10"
"ELME000364"	"LIG_WD40_WDR5_VDV_1"	"WDR5 WD40 repeat (blade 5,6)-binding ligand"	"This WDR5-binding motif binds to a cleft between blades 5 and 6 of the WD40 repeat domain of WDR5, opposite of the Win motif-binding site, to mediate assembly of histone modification complexes."	"[ED].{0,3}[VIL]D[VI]"	"0.000293885498821"	"3"	"3"
"ELME000365"	"LIG_WD40_WDR5_VDV_2"	"WDR5 WD40 repeat (blade 5,6)-binding ligand"	"Fungi-specific variant of the WDR5-binding motif that binds to a cleft between blades 5 and 6 of the WD40 repeat domain of WDR5, opposite of the Win motif-binding site, to mediate assembly of histone modification complexes."	"[EDSTY].{0,4}[VIPLA][TSDEKR][ILVA]"	"0.0467786304429"	"2"	"0"
"ELME000361"	"LIG_WD40_WDR5_WIN_1"	"WDR5 WD40 repeat (central)-binding ligand"	"Known as the Win (WDR5 interaction) motif, this peptide binds to the central tunnel of the WD40 repeat domain of WDR5 to mediate assembly of histone modification complexes."	"[SCA]AR[STCA][EQR][PGILVM][HYFQNKRLVI]"	"6.43703011459e-06"	"7"	"7"
"ELME000362"	"LIG_WD40_WDR5_WIN_2"	"WDR5 WD40 repeat (central)-binding ligand"	"Generalised metazoan variant of the Win (WDR5 interaction) motif, which in Vertebrates binds to the central tunnel of the WD40 repeat domain of WDR5 to mediate assembly of histone modification complexes."	"[STCA][CSAGV]R[STCAV][EQR][PGALV][LFYHRK]"	"2.75521053323e-05"	"4"	"1"
"ELME000363"	"LIG_WD40_WDR5_WIN_3"	"WDR5 WD40 repeat (central)-binding ligand"	"Generalised fungal variant of the Win (WDR5 interaction) motif, which in Vertebrates binds to the central tunnel of the WD40 repeat domain of WDR5 to mediate assembly of histone modification complexes."	"[SCA][AFWHSV][KR][TAS][DEQR][GP][RKYFWIVAM]..[IVM]"	"2.02566091701e-06"	"3"	"0"
"ELME000119"	"LIG_WH1"	"WH1 ligand"	"LIG_WH1 is the WIP sequence motif binding to the WH1 domains of WASP and N-WASP."	"ES[RK][FY].F[HR][PST][IVLM][DES][DE]"	"8.90031803225e-11"	"3"	"0"
"ELME000507"	"LIG_WRC_WIRS_1"	"WAVE regulatory complex (WRC) binding site motif"	"WRC interacting receptor sequence (WIRS) is a highly conserved and widespread interaction motif that is employed by diverse membrane proteins to recruit the WRC to initiate the dynamic rearrangements of the actin cytoskeleton."	"[FYILMV].[TS]F(G|[^P])."	"0.000580242559544"	"22"	"0"
"ELME000104"	"LIG_WRPW_1"	"WRPW motif"	"The WRPW motif mediates recruitment of transcriptional co-repressors of the Groucho/transducin-like enhancer-of-split (TLE) family. LIG_WRPW_1 is based on the C-terminus located motifs found in the Hairy and Runt family proteins."	"[WFY]RP[WFY].{0,7}$"	"1.33321386458e-07"	"20"	"0"
"ELME000105"	"LIG_WRPW_2"	"WRPW motif"	"The WRPW motif mediates recruitment of transcriptional co-repressors of the Groucho/transducin-like enhancer-of-split (TLE) family. LIG_WRPW_2 is not restricted to the C-terminus (in contrast to LIG_WRPW_1)."	"[WFY][KR]P[WFY]"	"1.82473612356e-05"	"2"	"0"
"ELME000003"	"LIG_WW_1"	"WW domain ligands"	"PPXY is the motif recognized by WW domains of Group I"	"PP.Y"	"0.000125740700239"	"29"	"3"
"ELME000004"	"LIG_WW_2"	"WW domain ligands"	"PPLP is the motif recognized by WW domains of Group II"	"PPLP"	"6.12871485362e-05"	"3"	"0"
"ELME000135"	"LIG_WW_3"	"WW domain ligands"	"WW domain of group III binding motif"	".PPR."	"0.000567322548383"	"1"	"0"
"ELME000096"	"MOD_ASX_betaOH_EGF"	"ASX EGF hydroxylation"	"ASX hydroxylation of some EGF domains."	"C.([DN]).{4,4}[FY].C.C"	"2.48922694489e-09"	"6"	"0"
"ELME000059"	"MOD_CAAXbox"	"CAAX Box"	"Generic CAAX box prenylation motif"	"(C)[^DENQ][LIVMF].$"	"2.44596097506e-06"	"17"	"2"
"ELME000529"	"MOD_CDC14_SPxK_1"	"Cdc14 phosphatase dephosphorylation site"	"A subset of Cdk phosphorylation sites conform to the (S)PxK/r pattern that serves as an optimal Cdc14 dephosphorylation site, allowing high catalytic efficiency."	"(S)P.[KR]"	"0.00122698876081"	"48"	"0"
"ELME000429"	"MOD_CDK_SPK_2"	"CDK Phosphorylation Site"	"Short version of the CDK phosphorylation site which shows specificity towards a lysine/arginine residue at the [ST] +2 position."	"...([ST])P[RK]"	"0.00192871947029"	"18"	"0"
"ELME000153"	"MOD_CDK_SPxK_1"	"CDK Phosphorylation Site"	"Canonical version of the CDK phosphorylation site which shows specificity towards a lysine/arginine residue at the [ST]+3 position."	"...([ST])P.[KR]"	"0.00192871947029"	"26"	"1"
"ELME000428"	"MOD_CDK_SPxxK_3"	"CDK Phosphorylation Site"	"Longer version of the CDK phosphorylation site which shows specificity towards a lysine/arginine residue at position +4 after the phospho-Ser/Thr"	"...([ST])P..[RK]"	"0.00192871947029"	"25"	"0"
"ELME000063"	"MOD_CK1_1"	"Casein kinase 1 (CK1) Phosphorylation site"	"CK1 phosphorylation site"	"S..([ST])..."	"0.017040740254"	"27"	"0"
"ELME000064"	"MOD_CK2_1"	"Casein kinase 2 (CK2) Phosphorylation site"	"Casein kinase 2 (CK2) phosphorylation site"	"...([ST])..E"	"0.014568074326"	"34"	"0"
"ELME000160"	"MOD_CMANNOS"	"C-Mannosylation site"	"Motif for attachment of a mannosyl residue to a tryptophan"	"(W)..W"	"4.69225e-05"	"24"	"0"
"ELME000093"	"MOD_Cter_Amidation"	"Peptide Amidation Site"	"Peptide C-terminal amidation"	"(.)G[RK][RK]"	"0.00115502924798"	"0"	"0"
"ELME000461"	"MOD_DYRK1A_RPxSP_1"	"MOD_DYRK1A_RPxSP_1"	"Serine/Threonine residue phosphorylated by Argininine and Proline directed DYRK1A kinase."	"R[PSVA].([ST])P"	"0.000313191967685"	"22"	"1"
"ELME000085"	"MOD_GlcNHglycan"	"Glycosaminoglycan attachment site"	"Glycosaminoglycan attachment site"	"[ED]{0,3}.(S)[GA]."	"0.017919062972"	"6"	"0"
"ELME000053"	"MOD_GSK3_1"	"GSK3 phosphorylation site"	"GSK3 phosphorylation recognition site"	"...([ST])...[ST]"	"0.026786559556"	"22"	"0"
"ELME000334"	"MOD_LATS_1"	"LATS kinase phosphorylation motif"	"The LATS phosphorylation motif is recognised by the LATS kinases for Ser/Thr phosphorylation. Substrates are often found toward the end of the Hippo signalling pathway."	"H.[KR]..([ST])[^P]"	"0.000477646201427"	"23"	"0"
"ELME000336"	"MOD_NEK2_1"	"NEK2 phosphorylation site"	"NEK2 phosphorylation motif with preferred Phe, Leu or Met in the -3 position to compensate for less favorable residues in the +1 and +2 position."	"[FLM][^P][^P]([ST])[^DEP][^DE]"	"0.0097982858255"	"3"	"0"
"ELME000337"	"MOD_NEK2_2"	"NEK2 phosphorylation site"	"NEK2 phosphorylation motif with specific set of residues in the +1 and +2 position to compensate for less favorable residues in the -3 position."	"[WYPCAG][^P][^P]([ST])[IFCVML][KRHYF]"	"0.00129503438775"	"0"	"0"
"ELME000070"	"MOD_N-GLC_1"	"N-glycosylation site"	"Generic motif for N-glycosylation. It was shown that Trp, Asp, and Glu are uncommon before the Ser/Thr position. Efficient glycosylation usually occurs when ~60 residues or more separate the glycosylation acceptor site from the C-terminus."	".(N)[^P][ST].."	"0.00501781699892"	"156"	"1"
"ELME000079"	"MOD_N-GLC_2"	"N-glycosylation site"	"Atipical motif for N-glycosylation site. Examples are Human CD69, which is uniquely glycosylated at typical (Asn-X-Ser/Thr) and atypical (Asn-X-Cys) motifs, beta protein C"	"(N)[^P]C"	"0.000297299203491"	"5"	"0"
"ELME000060"	"MOD_NMyristoyl"	"N-myristoylation site"	"Generic motif for N-Myristoylation site."	"^M{0,1}(G)[^EDRKHPFYW]..[STAGCN][^P]"	"2.50192821739e-05"	"50"	"7"
"ELME000162"	"MOD_OFUCOSY"	"O-Fucosylation site"	"Site for attachment of a fucose residue to a serine."	"C.{3,5}([ST])C"	"4.61694301554e-05"	"4"	"0"
"ELME000161"	"MOD_OGLYCOS"	"O-Glycosylation site"	"Site for attachment of a glucose residue to a serine."	"C.(S).PC"	"9.23214582482e-07"	"2"	"0"
"ELME000202"	"MOD_PIKK_1"	"PIKK phosphorylation site"	"(ST)Q motif which is phosphorylated by PIKK family members."	"...([ST])Q.."	"0.009230107736"	"30"	"0"
"ELME000065"	"MOD_PK_1"	"PK Phosphorylation site"	"Phosphorylase kinase phosphorylation site"	"[RK]..(S)[VI].."	"0.000941753592931"	"1"	"0"
"ELME000008"	"MOD_PKA_1"	"PKA Phosphorylation site"	"Main preference for PKA-type AGC kinase phosphorylation."	"[RK][RK].([ST])[^P].."	"0.0023150946744"	"25"	"0"
"ELME000062"	"MOD_PKA_2"	"PKA Phosphorylation site"	"Secondary preference for PKA-type AGC kinase phosphorylation."	".R.([ST])[^P].."	"0.00945752740437"	"28"	"0"
"ELME000061"	"MOD_PKB_1"	"PKB Phosphorylation site"	"PKB Phosphorylation site"	"R.R..([ST])[^P].."	"0.000603409163454"	"20"	"1"
"ELME000442"	"MOD_Plk_1"	"Polo-like kinase phosphosites"	"Ser/Thr residue phosphorylated by the Plk1 kinase"	".[DNE][^PG][ST](([FYILMVW]..)|([^PEDGKN][FWYLIVM]).)"	"0.00767434171147"	"44"	"0"
"ELME000443"	"MOD_Plk_2-3"	"Polo-like kinase phosphosites"	"Ser/Thr residue phosphorylated by Plk2 and Plk3"	"[DE]..([ST])[EDILMVFWY](([DE].)|(.[DE]))"	"0.00217500226715"	"3"	"0"
"ELME000444"	"MOD_Plk_4"	"Polo-like kinase phosphosites"	"Ser/Thr residue phosphorylated by Plk4"	"..[^IRFW]([ST])[ILMVFWY][ILMVFWY]."	"0.00601927214984"	"7"	"0"
"ELME000447"	"MOD_PRMT_GGRGG_1"	"PRMT arginine methylation site"	"A GGRGG motif recognized by the arginine methyl transferase for arginine methylation"	"GGRGG"	"1.9085540269e-06"	"24"	"0"
"ELME000159"	"MOD_ProDKin_1"	"MAPK Phosphorylation Site"	"Proline-Directed Kinase (e.g. MAPK) phosphorylation site in higher eukaryotes."	"...([ST])P.."	"0.015433212802"	"38"	"0"
"ELME000175"	"MOD_SPalmitoyl_2"	"S-palmitoylation site"	"Class 2 Palmitoylation motif"	"G(C)M[GS][CL][KP]C"	"3.05230357884e-10"	"2"	"0"
"ELME000168"	"MOD_SPalmitoyl_4"	"S-palmitoylation site"	"Class 4 palmitoylation motif"	"^M{0,1}G(C)..S[AKS]"	"3.26094067204e-08"	"6"	"0"
"ELME000002"	"MOD_SUMO_for_1"	"Sumoylation site"	"Motif recognised for modification by SUMO-1"	"[VILMAFP](K).E"	"0.00191400066329"	"46"	"1"
"ELME000393"	"MOD_SUMO_rev_2"	"Sumoylation site"	"Inverted version of SUMOylation motif recognized for modification by SUMO-1"	"[SDE].{0,5}[DE].(K).{0,1}[AIFLMPSTV]"	"0.0128026464686"	"20"	"0"
"ELME000013"	"MOD_TYR_CSK"	"TYR phosphorylation site"	"Members of the non-receptor tyrosine kinase Csk family phosphorylate the C-terminal tyrosine residues of the Src family."	"[TAD][EA].Q(Y)[QE].[GQA][PEDLS]"	"2.92617843803e-07"	"12"	"0"
"ELME000092"	"MOD_TYR_DYR"	"TYR phosphorylation site"	"The kinase activity of the DYRK (dual specificity kinase) is dependent on the autophosphorylation of the YXY motif in the activation loop."	"..[RKTC][IVL]Y[TQHS](Y)[IL]QSR"	"5.20709297784e-11"	"9"	"0"
"ELME000152"	"MOD_WntLipid"	"Wnt-Wingless palmitoylation site"	"Palmitoylation site in WNT signalling proteins that is required for correct processing in the endoplasmic reticulum."	"[ETA](C)[QERK]..F...RWNC[ST]"	"2.51818848539e-13"	"1"	"0"
"ELME000247"	"TRG_AP2beta_CARGO_1"	"AP-2 beta2 appendage CCV component motifs"	"AP-2 beta appendage platform subdomain (top surface) binding motif used in targeting cargo for internalisation."	"[DE].{1,2}F[^P][^P][FL][^P][^P][^P]R"	"1.81693308253e-05"	"4"	"2"
"ELME000256"	"TRG_Cilium_Arf4_1"	"Ciliary targeting motifs"	"The QVxPx motif is located in the cytoplasmatic tails of vesicular cargoes. It allows the interaction with proteins that permit the vesicle budding from the trans-Golgi-network and its posterior transport to the plasma membrane of the cilia."	"QV.P.$"	"4.31897466925e-07"	"1"	"0"
"ELME000259"	"TRG_Cilium_RVxP_2"	"Ciliary targeting motifs"	"The RVxPx motif is located in the cytoplasmatic tails of vesicular cargoes. It allows the interaction with proteins that permit the vesicle budding from the trans-Golgi-network and its posterior transport to the plasma membrane of the cilia"	"RV.P."	"0.00027313569227"	"2"	"0"
"ELME000523"	"TRG_DiLeu_BaEn_1"	"Adaptin binding Endosome-Lysosome-Basolateral sorting signals"	"Classical adaptin sigma subunit-binding acidic dileucine motifs sorting in Endosomal-Basolateral trafficking."	"E..[^P]L[LIVM]"	"0.000970028007703"	"23"	"4"
"ELME000524"	"TRG_DiLeu_BaEn_2"	"Adaptin binding Endosome-Lysosome-Basolateral sorting signals"	"Phe-containing variant adaptin sigma subunit-binding acidic dileucine motifs sorting in Endosomal-Basolateral trafficking"	"[^E]E...F[LIVM]"	"0.000245067003584"	"4"	"0"
"ELME000525"	"TRG_DiLeu_BaEn_3"	"Adaptin binding Endosome-Lysosome-Basolateral sorting signals"	"Diglutamate-containing variant Adaptin sigma subunit-binding acidic dileucine motifs sorting in Endosomal-Basolateral trafficking."	"EE...[FIM][LIVM]"	"8.41071192962e-05"	"4"	"0"
"ELME000526"	"TRG_DiLeu_BaEn_4"	"Adaptin binding Endosome-Lysosome-Basolateral sorting signals"	"Acidic dileucine motifs with a monoleucine preference and extra glutamate sorting in Endosomal-Basolateral trafficking."	"EE...L[^LIVMF]"	"0.000473146721831"	"4"	"0"
"ELME000528"	"TRG_DiLeu_BaLyEn_6"	"Adaptin binding Endosome-Lysosome-Basolateral sorting signals"	"Dileucine motifs lacking Glu+1 with Pro-Arg preference at +4 sorting in Endosomal-Basolateral-Lysosomal trafficking."	"[^E]..[RP]L[LI]"	"0.0010534671303"	"18"	"1"
"ELME000527"	"TRG_DiLeu_LyEn_5"	"Adaptin binding Endosome-Lysosome-Basolateral sorting signals"	"Acidic dileucine motifs with Arg or Pro preference at position 4 interacting with AP-3 and sorting in Endosomal-Lysosomal trafficking."	"[E]..[RP]L[LI]"	"0.000102932492709"	"18"	"0"
"ELME000120"	"TRG_ENDOCYTIC_2"	"Y-based sorting signal"	"Tyrosine-based sorting signal responsible for the interaction with mu subunit of AP (Adaptor Protein) complex"	"Y..[LMVIF]"	"0.002587491898"	"15"	"1"
"ELME000012"	"TRG_ER_diArg_1"	"di Arginine retention/retrieving signal"	"The di-Arg ER retention motif is defined by two consecutive arginine residues (RR) or with a single residue insertion (RXR). The motif is completed by an adjacent hydrophobic/arginine residue which may be on either side of the Arg pair."	"([LIVMFYWPR]R[^YFWDE]{0,1}R)|(R[^YFWDE]{0,1}R[LIVMFYWPR])"	"0.00536927336293"	"27"	"0"
"ELME000011"	"TRG_ER_diLys_1"	"di Lysine ER retrieving signal"	"ER retention and retrieving signal found at the C-terminus of type I ER membrane proteins (cytoplasmic in this topology). Di-Lysine signal is responsible for COPI-mediated retrieval from post-ER compartments."	"K.{0,1}K.{2,3}$"	"2.6774732737e-05"	"14"	"0"
"ELME000253"	"TRG_ER_FFAT_1"	"FFAT motif"	"MSP-domain binding FFAT (diphenylalanine [FF] in an Acidic Tract) motif "	"[EDS].{0,4}[ED][FY][FYKREM][DE][AC].{1,2}[EDST]"	"1.03393631344e-05"	"29"	"2"
"ELME000449"	"TRG_ER_FFAT_2"	"FFAT motif"	"A variant of the classic MSP-domain binding FFAT (diphenylalanine [FF] in an Acidic Tract) motif "	"[EDS].{0,4}[EDSQN][FY][FYMITH]([ST])[ACP].{1,2}[EDST]"	"3.81957554975e-05"	"7"	"0"
"ELME000010"	"TRG_ER_KDEL_1"	"KDEL retrieving signals"	"Golgi-to-ER retrieving signal found at the C-terminus of many ER soluble proteins. It interacts with the KDEL receptor which in turns interacts with components of the coatomer (COP I)."	"[KRHQSAP][DENQT]EL$"	"1.6136621632e-06"	"13"	"0"
"ELME000132"	"TRG_Golgi_diPhe_1"	"ER export signals"	"ER to Golgi anterograde transport signal found at the C-terminus of type I ER-CGN integral membrane cargo receptors (cytoplasmic in this topology), it binds to COPII."	"Q.{6,6}FF.{6,7}$"	"6.80087093985e-08"	"11"	"0"
"ELME000131"	"TRG_LysEnd_GGAAcLL_1"	"Trans-Golgi Network-Endosome-Lysosome-sorting signals"	"Sorting signal directing type I transmembrane proteins from the Trans Golgi Network (TGN) to the lysosomal-endosomal compartment. It is found near the C-terminus and interacts with the VHS domain of GGAs adaptor proteins."	"D..LL.{1,2}$"	"9.58549884391e-07"	"6"	"3"
"ELME000187"	"TRG_LysEnd_GGAAcLL_2"	"Trans-Golgi Network-Endosome-Lysosome-sorting signals"	"Internal acidic di Leucine motif found in GGA 1 and 3. It binds to their VHS domains in an autoinhibitory manner. Cycles of phosphorylation-dephosphorylation of upstream Ser regulate the autoinhibitory binding and therefore the function of GGA 1/3."	"S[LW]LD[DE]EL[LM]"	"2.54795784867e-09"	"4"	"0"
"ELME000193"	"TRG_NES_CRM1_1"	"NES Nuclear Export Signal"	"Some proteins re-exported from the nucleus contain a Leucine-rich nuclear export signal (NES) binding to the CRM1 exportin protein."	"([DEQ].{0,1}[LIM].{2,3}[LIVMF][^P]{2,3}[LMVF].[LMIV].{0,3}[DE])|([DE].{0,1}[LIM].{2,3}[LIVMF][^P]{2,3}[LMVF].[LMIV].{0,3}[DEQ])"	"0.000762613786385"	"18"	"3"
"ELME000276"	"TRG_NLS_Bipartite_1"	"NLS classical Nuclear Localization Signals"	"Bipartite variant of the classical basically charged NLS."	"[KR][KR].{7,15}[^DE]((K[RK])|(RK))(([^DE][KR])|([KR][^DE]))[^DE]"	"0.000258796644373"	"11"	"4"
"ELME000270"	"TRG_NLS_MonoCore_2"	"NLS classical Nuclear Localization Signals"	"Monopartite variant of the classical basically charged NLS. Strong core version."	"[^DE]((K[RK])|(RK))[KRP][KR][^DE]"	"0.000234485230256"	"18"	"1"
"ELME000278"	"TRG_NLS_MonoExtC_3"	"NLS classical Nuclear Localization Signals"	"Monopartite variant of the classical basically charged NLS. C-extended version."	"[^DE]((K[RK])|(RK))(([^DE][KR])|([KR][^DE]))(([PKR])|([^DE][DE]))"	"0.000725182108254"	"23"	"2"
"ELME000271"	"TRG_NLS_MonoExtN_4"	"NLS classical Nuclear Localization Signals"	"Monopartite variant of the classical basically charged NLS. N-extended version."	"(([PKR].{0,1}[^DE])|([PKR]))((K[RK])|(RK))(([^DE][KR])|([KR][^DE]))[^DE]"	"0.00127638752297"	"28"	"2"
"ELME000462"	"TRG_Pf-PMV_PEXEL_1"	"Apicomplexan export motif"	"Plasmodium Export Element, PEXEL, is a trafficking signal for protein cleavage by PMV protease and export from Plasmodium parasites to infected host cells. "	"(R.[LI].[EDQ])|(R.L..[EDQ])|(K.L.E)"	"0.0021605090893"	"24"	"0"
"ELME000009"	"TRG_PTS1"	"PTS1"	"Generic PTS1 ELM for all eukaryotes"	"(.[SAPTC][KRH][LMFI]$)|([KRH][SAPTC][NTS][LMFI]$)"	"1.51919053984e-05"	"5"	"1"
"ELME000069"	"TRG_PTS2"	"PTS2"	"Generic PTS2 pattern for all eukaryotes (except lineages which have lost it)"	"^.{1,40}R[^P][^P][^P][LIV][^P][^P][HQ][LIF]"	"3.93913953465e-06"	"2"	"2"
